source,target,co_usage_percent,source_usage_percent,target_usage_percent
Gourgeist Large Size,Whimsicott,99.986,,17.0
Gourgeist Large Size,Togekiss,99.986,,1.0
Gourgeist Large Size,Terrakion,99.986,,0.0
Gourgeist Large Size,Dragapult,99.986,,1.0
Gourgeist Large Size,Arcanine,99.986,,0.0
Mime Jr.,Mimikyu,99.946,,2.0
Mime Jr.,Shuckle,99.827,,0.0
Mime Jr.,Chansey,99.827,,0.0
Mime Jr.,Dragapult,99.789,,1.0
Mime Jr.,Indeedee Female,99.48,,18.0
Wishiwashi Solo Form,Incineroar,98.945,0.0,59.0
Mr. Rime,Thundurus Incarnate Forme,97.498,0.0,21.0
Mr. Rime,Groudon,97.498,0.0,23.0
Mr. Rime,Centiskorch,97.288,0.0,0.0
Mr. Rime,Gastrodon,97.288,0.0,20.0
Mr. Rime,Zamazenta Crowned Shield,97.288,0.0,0.0
Wishiwashi Solo Form,Calyrex Ice Rider,97.137,0.0,11.0
Greedent,Indeedee Female,95.616,0.0,18.0
Arctovish,Dusclops,95.465,,4.0
Greedent,Zacian Crowned Sword,95.452,0.0,65.0
Corsola,Dusclops,94.336,,4.0
Palossand,Accelgor,94.24,0.0,0.0
Drifblim,Kyogre,94.128,0.0,35.0
Drifblim,Incineroar,93.443,0.0,59.0
Toxicroak,Kyogre,93.443,0.0,35.0
Wishiwashi Solo Form,Indeedee Female,93.042,0.0,18.0
Shuckle,Chansey,93.034,0.0,0.0
Wishiwashi Solo Form,Dusclops,93.029,0.0,4.0
Wishiwashi Solo Form,Zacian Crowned Sword,93.029,0.0,65.0
Diggersby,Zacian Crowned Sword,92.159,0.0,65.0
Arctovish,Togekiss,92.068,,1.0
Arctovish,Hitmontop,92.001,,0.0
Arctovish,Cinderace,92.0,,1.0
Arctovish,Bisharp,92.0,,0.0
Drifblim,Indeedee Female,91.312,0.0,18.0
Seismitoad,Kyogre,91.167,1.0,35.0
Boltund,Zacian Crowned Sword,91.058,0.0,65.0
Galarian Weezing,Calyrex Shadow Rider,90.946,0.0,22.0
Druddigon,Arcanine,90.553,,0.0
Druddigon,Gyarados,89.964,,0.0
Torracat,Tyranitar,89.781,,0.0
Drifblim,Porygon2,89.65,0.0,9.0
Drifblim,Calyrex Ice Rider,89.638,0.0,11.0
Charjabug,Primarina,89.477,,0.0
Eldegoss,Malamar,89.124,,
Corsola,Togekiss,88.996,,1.0
Drednaw,Kyogre,88.723,0.0,35.0
Gourgeist Super Size,Togekiss,88.655,,1.0
Corsola,Incineroar,88.447,,59.0
Fan Rotom,Rillaboom,88.324,,27.0
Cherrim,Groudon,88.123,0.0,23.0
Gourgeist Super Size,Arcanine,87.995,,0.0
Coalossal,Zacian Crowned Sword,87.812,1.0,65.0
Druddigon,Duraludon,87.742,,0.0
Corsola,Torkoal,87.733,,3.0
Corsola,Venusaur,87.733,,7.0
Druddigon,Sylveon,87.534,,
Torracat,Amoonguss,87.486,,18.0
Bewear,Togekiss,87.483,,1.0
Fan Rotom,Primarina,87.438,,0.0
Druddigon,Whimsicott,87.438,,17.0
Charjabug,Accelgor,87.278,,0.0
Blastoise,Zacian Crowned Sword,87.112,7.0,65.0
Charizard,Groudon,86.831,19.0,23.0
Klinklang,Indeedee Female,86.796,0.0,18.0
Pincurchin,Kyogre,86.757,0.0,35.0
Klinklang,Whimsicott,86.377,0.0,17.0
Kingdra,Kyogre,86.306,3.0,35.0
Tyrantrum,Kyogre,86.268,0.0,35.0
Qwilfish,Coalossal,86.009,,1.0
Bewear,Tyranitar,85.985,,0.0
Dawn Wings Necrozma,Thundurus Incarnate Forme,85.91,1.0,21.0
Dawn Wings Necrozma,Groudon,85.864,1.0,23.0
Fan Rotom,Incineroar,85.839,,59.0
Dawn Wings Necrozma,Porygon2,85.795,1.0,9.0
Dawn Wings Necrozma,Charizard,85.794,1.0,19.0
Fan Rotom,Dusclops,85.723,,4.0
Kartana,Kyogre,85.397,7.0,35.0
Seaking,Gyarados,85.345,,0.0
Haxorus,Braviary,85.326,,
Cinccino,Zacian Crowned Sword,85.177,0.0,65.0
Toxicroak,Tornadus Incarnate Forme,85.03,0.0,8.0
Fan Rotom,Indeedee Female,84.987,,18.0
Swampert,Zacian Crowned Sword,84.981,0.0,65.0
Toxicroak,Rillaboom,84.706,0.0,27.0
Tornadus Incarnate Forme,Kyogre,84.699,8.0,35.0
Beheeyem,Indeedee Female,84.651,,18.0
Regigigas,Weezing,84.614,1.0,2.0
Kingdra,Zacian Crowned Sword,84.609,3.0,65.0
Greedent,Calyrex Shadow Rider,84.392,0.0,22.0
Greedent,Rillaboom,84.354,0.0,27.0
Toxicroak,Calyrex Shadow Rider,84.219,0.0,22.0
Toxicroak,Heliolisk,84.219,0.0,0.0
Qwilfish,Rillaboom,83.979,,27.0
Glastrier,Incineroar,83.583,0.0,59.0
Eldegoss,Cinderace,83.549,,1.0
Garbodor,Palkia,83.42,0.0,9.0
Qwilfish,Incineroar,83.29,,59.0
Salamence,Kyogre,83.233,0.0,35.0
Haxorus,Indeedee Female,83.084,,18.0
Eldegoss,Whimsicott,82.991,,17.0
Torracat,Corviknight,82.99,,0.0
Qwilfish,Indeedee Female,82.967,,18.0
Drampa,Zacian Crowned Sword,82.838,0.0,65.0
Torracat,Toxtricity Low Key Form,82.837,,
Torracat,Grimmsnarl,82.833,,30.0
Moltres,Kyogre,82.735,0.0,35.0
Qwilfish,Togekiss,82.732,,1.0
Drednaw,Regieleki,82.563,0.0,29.0
Vanilluxe,Cinderace,82.326,,1.0
Salamence,Grimmsnarl,82.297,0.0,30.0
Seaking,Tentacruel,82.254,,
Garbodor,Calyrex Shadow Rider,82.164,0.0,22.0
Drednaw,Tornadus Incarnate Forme,82.14,0.0,8.0
Shedinja,Kyogre,82.039,4.0,35.0
Diggersby,Grimmsnarl,81.961,0.0,30.0
Eldegoss,Duraludon,81.912,,0.0
Eldegoss,Jellicent,81.849,,0.0
Manectric,Kyogre,81.848,0.0,35.0
Clefable,Kyogre,81.847,0.0,35.0
Zygarde Complete Forme,Incineroar,81.782,1.0,59.0
Coalossal,Incineroar,81.65,1.0,59.0
Swampert,Rillaboom,81.632,0.0,27.0
Haxorus,Dusclops,81.503,,4.0
Bewear,Heat Rotom,81.475,,1.0
Haxorus,Urshifu Rapid Strike Style,81.445,,2.0
Haxorus,Hatterene,81.414,,0.0
Bewear,Rillaboom,81.398,,27.0
Bewear,Grimmsnarl,81.296,,30.0
Politoed,Zacian Crowned Sword,81.144,0.0,65.0
Garbodor,Thundurus Incarnate Forme,81.097,0.0,21.0
Sandslash,Tyranitar,80.958,,0.0
Pelipper,Zacian Crowned Sword,80.799,0.0,65.0
Garbodor,Ferrothorn,80.79,0.0,5.0
Garbodor,Darmanitan Standard Mode,80.773,0.0,0.0
Toxapex,Grimmsnarl,80.748,0.0,30.0
Toxapex,Solgaleo,80.742,0.0,4.0
Registeel,Landorus Therian Forme,80.619,0.0,20.0
Alolan Sandslash,Alolan Ninetales,80.576,,0.0
Gardevoir,Indeedee Female,80.533,,18.0
Toxapex,Thundurus Incarnate Forme,80.433,0.0,21.0
Toxapex,Ditto,80.406,0.0,5.0
Toxapex,White Kyurem,80.389,0.0,2.0
Tapu Bulu,Incineroar,80.219,0.0,59.0
Vanilluxe,Whimsicott,80.074,,17.0
Seaking,Lapras,80.04,,1.0
Seaking,Dracovish,79.526,,0.0
Sneasel,Gastrodon,79.393,0.0,20.0
Coalossal,Urshifu Rapid Strike Style,79.309,1.0,2.0
Drednaw,Dusk Mane Necrozma,79.279,0.0,0.0
Vanilluxe,Dracovish,79.208,,0.0
Drednaw,Indeedee Female,79.181,0.0,18.0
Regigigas,Zacian Crowned Sword,79.06,1.0,65.0
Morpeko Full Belly Mode,Togekiss,78.882,,1.0
Gastrodon,Zacian Crowned Sword,78.876,20.0,65.0
Swampert,Regieleki,78.84,0.0,29.0
Steelix,Dusclops,78.722,,4.0
Vanilluxe,Indeedee Male,78.717,,1.0
Araquanid,Zacian Crowned Sword,78.633,1.0,65.0
Regigigas,Calyrex Shadow Rider,78.613,1.0,22.0
Swampert,Yveltal,78.588,0.0,11.0
Greedent,Dracovish,78.531,0.0,0.0
Sigilyph,Cinderace,78.439,,1.0
Gigalith,Zacian Crowned Sword,78.428,0.0,65.0
Durant,Whimsicott,78.243,0.0,17.0
Charjabug,Sylveon,78.222,,
Swampert,Grimmsnarl,78.15,0.0,30.0
Mudsdale,Kyogre,77.955,0.0,35.0
Kangaskhan,Calyrex Ice Rider,77.854,0.0,11.0
Clefable,Amoonguss,77.741,0.0,18.0
Pelipper,Calyrex Shadow Rider,77.557,0.0,22.0
Manectric,Solgaleo,77.47,0.0,4.0
Manectric,Umbreon,77.47,0.0,1.0
Kabutops,Mewtwo,77.332,0.0,0.0
Tauros,Froslass,77.293,0.0,0.0
Dusknoir,Riolu,77.263,,0.0
Dracovish,Zacian Crowned Sword,77.196,0.0,65.0
Mamoswine,Calyrex Shadow Rider,77.049,1.0,22.0
Clefable,Calyrex Ice Rider,77.025,0.0,11.0
Shedinja,Zacian Crowned Sword,76.954,4.0,65.0
Giratina Origin Forme,Landorus Therian Forme,76.879,0.0,20.0
Manectric,Incineroar,76.829,0.0,59.0
Alolan Exeggutor,Kyogre,76.8,0.0,35.0
Charjabug,Heliolisk,76.694,,0.0
Clefable,Liepard,76.641,0.0,0.0
Clefable,Pincurchin,76.641,0.0,0.0
Inteleon,Kyogre,76.628,0.0,35.0
Sneasel,Ho-oh,76.486,0.0,1.0
Mimikyu,Incineroar,76.435,2.0,59.0
Azumarill,Dialga,76.387,0.0,4.0
Shiftry,Zacian Crowned Sword,76.358,0.0,65.0
Heat Rotom,Zacian Crowned Sword,76.144,1.0,65.0
Charjabug,Ninetales,76.033,,
Dusclops,Incineroar,76.026,4.0,59.0
Inteleon,Zacian Crowned Sword,75.95,0.0,65.0
Coalossal,Rillaboom,75.559,1.0,27.0
Obstagoon,Zacian Crowned Sword,75.555,0.0,65.0
Durant,Calyrex Shadow Rider,75.551,0.0,22.0
Dusclops,Calyrex Ice Rider,75.519,4.0,11.0
Kartana,Zacian Crowned Sword,75.478,7.0,65.0
Heliolisk,Kyogre,75.471,0.0,35.0
Weavile,Zacian Crowned Sword,75.418,0.0,65.0
Accelgor,Palossand,75.418,0.0,0.0
Swoobat,Meowstic Male,75.315,0.0,0.0
Tyrantrum,Incineroar,75.266,0.0,59.0
Swoobat,Calyrex Shadow Rider,75.245,0.0,22.0
Lilligant,Torkoal,75.221,,3.0
Swoobat,Lugia,75.219,0.0,0.0
Registeel,Grimmsnarl,75.194,0.0,30.0
Swoobat,Metagross,75.128,0.0,1.0
Swoobat,Hatterene,75.128,0.0,0.0
Weavile,Kyogre,75.017,0.0,35.0
Tyrantrum,Calyrex Ice Rider,74.976,0.0,11.0
Giratina Origin Forme,Thundurus Incarnate Forme,74.97,0.0,21.0
Tyrantrum,Amoonguss,74.942,0.0,18.0
Tyrantrum,Scizor,74.942,0.0,0.0
Raichu,Kyogre,74.742,3.0,35.0
Sneasel,Lunala,74.647,0.0,2.0
Tsareena,Kyogre,74.266,0.0,35.0
Xerneas,Incineroar,74.256,4.0,59.0
Cloyster,Zacian Crowned Sword,74.181,0.0,65.0
Galarian Slowbro,Indeedee Female,74.109,,18.0
Exeggutor,Groudon,74.069,0.0,23.0
Sigilyph,Dracovish,73.92,,0.0
Tauros,Zacian Crowned Sword,73.885,0.0,65.0
Roserade,Togekiss,73.81,,1.0
Giratina Origin Forme,Dialga,73.764,0.0,4.0
Lurantis,Solgaleo,73.735,0.0,4.0
Centiskorch,Gastrodon,73.678,0.0,20.0
Tauros,Grimmsnarl,73.662,0.0,30.0
Sigilyph,Tsareena,73.575,,0.0
Sigilyph,Braviary,73.574,,
Sigilyph,Raichu,73.574,,3.0
Seaking,Urshifu Single Strike Style,73.51,,4.0
Lunala,Incineroar,73.243,2.0,59.0
Zapdos,Kyogre,73.176,8.0,35.0
Kangaskhan,Palkia,73.121,0.0,9.0
Heliolisk,Rillaboom,73.007,0.0,27.0
Salamence,Zacian Crowned Sword,72.967,0.0,65.0
Mienshao,Calyrex Shadow Rider,72.737,0.0,22.0
Heliolisk,Calyrex Shadow Rider,72.65,0.0,22.0
Heliolisk,Tornadus Incarnate Forme,72.58,0.0,8.0
Heliolisk,Toxicroak,72.574,0.0,0.0
Kommo-o,Groudon,72.571,0.0,23.0
Escavalier,Incineroar,72.42,0.0,59.0
Groudon,Charizard,72.403,23.0,19.0
Palkia,Incineroar,72.365,9.0,59.0
Rayquaza,Incineroar,72.361,1.0,59.0
Kangaskhan,Porygon2,72.3,0.0,9.0
Calyrex Ice Rider,Incineroar,72.17,11.0,59.0
Azumarill,Ho-oh,72.131,0.0,1.0
Landorus Therian Forme,Zacian Crowned Sword,72.049,20.0,65.0
Sneasel,Celesteela,72.029,0.0,1.0
Morpeko Full Belly Mode,Cinderace,71.992,,1.0
Regidrago,Zacian Crowned Sword,71.973,0.0,65.0
Giratina Origin Forme,Tornadus Incarnate Forme,71.97,0.0,8.0
Azumarill,Chansey,71.959,0.0,0.0
Azumarill,Liepard,71.955,0.0,0.0
Azumarill,Shuckle,71.955,0.0,0.0
Blastoise,Rillaboom,71.924,7.0,27.0
Stonjourner,Groudon,71.914,0.0,23.0
Poliwrath,Politoed,71.911,,0.0
Tapu Bulu,Gastrodon,71.795,0.0,20.0
Lurantis,Kyogre,71.771,0.0,35.0
Steelix,Togekiss,71.72,,1.0
Vikavolt,Grimmsnarl,71.586,0.0,30.0
Politoed,Calyrex Shadow Rider,71.488,0.0,22.0
Groudon,Incineroar,71.282,23.0,59.0
Vileplume,Torkoal,71.246,,3.0
Galarian Weezing,Incineroar,71.223,0.0,59.0
Blastoise,Calyrex Shadow Rider,71.101,7.0,22.0
Ninetales,Venusaur,71.038,,7.0
Galarian Weezing,Kyogre,70.934,0.0,35.0
Lurantis,Dusclops,70.86,0.0,4.0
Gastrodon,Incineroar,70.758,20.0,59.0
Weezing,Zacian Crowned Sword,70.597,2.0,65.0
Turtonator,Togekiss,70.579,,1.0
Rillaboom,Zacian Crowned Sword,70.548,27.0,65.0
Chandelure,Zacian Crowned Sword,70.533,0.0,65.0
Charizard,Incineroar,70.405,19.0,59.0
Tauros,Calyrex Shadow Rider,70.255,0.0,22.0
Thundurus Therian Forme,Zacian Crowned Sword,70.196,0.0,65.0
Kabutops,Zacian Crowned Sword,70.189,0.0,65.0
Regidrago,Kyogre,70.156,0.0,35.0
Vikavolt,Gastrodon,70.142,0.0,20.0
Sneasel,Umbreon,70.075,0.0,1.0
Gourgeist Small Size,Dragapult,70.037,,1.0
Weavile,Landorus Therian Forme,70.031,0.0,20.0
Zapdos,Zacian Crowned Sword,69.785,8.0,65.0
Mantine,Kyogre,69.748,0.0,35.0
Machamp,Zacian Crowned Sword,69.681,0.0,65.0
Alolan Persian,Zacian Crowned Sword,69.669,0.0,65.0
Machamp,Calyrex Shadow Rider,69.636,0.0,22.0
Machamp,Amoonguss,69.528,0.0,18.0
Alcremie,Solgaleo,69.495,0.0,4.0
Thundurus Incarnate Forme,Zacian Crowned Sword,69.339,21.0,65.0
Alolan Persian,Landorus Therian Forme,69.332,0.0,20.0
Emolga,Rillaboom,69.314,,27.0
Gourgeist Super Size,Bouffalant,69.29,,
Tapu Koko,Incineroar,69.215,0.0,59.0
Shiinotic,Togekiss,69.072,,1.0
Bronzong,Groudon,69.054,1.0,23.0
Frost Rotom,Urshifu Single Strike Style,68.931,,4.0
Frost Rotom,Indeedee Male,68.889,,1.0
Mantine,Zacian Crowned Sword,68.825,0.0,65.0
Aromatisse,Indeedee Female,68.768,,18.0
Alolan Persian,Kyogre,68.736,0.0,35.0
Barraskewda,Zacian Crowned Sword,68.544,1.0,65.0
Kingdra,Shedinja,68.456,3.0,4.0
Flareon,Jolteon,68.314,,
Lurantis,Tornadus Incarnate Forme,68.23,0.0,8.0
Lurantis,Spectrier,68.228,0.0,1.0
Shiftry,Palkia,68.175,0.0,9.0
Giratina Origin Forme,Bronzong,68.141,0.0,1.0
Crustle,Ribombee,68.128,,
Galarian Weezing,Regieleki,68.119,0.0,29.0
Kangaskhan,Incineroar,68.084,0.0,59.0
Tangela,Incineroar,68.014,,59.0
Tapu Lele,Kyogre,68.01,2.0,35.0
Sableye,Incineroar,67.992,2.0,59.0
Flareon,Sylveon,67.816,,
Tauros,Regieleki,67.802,0.0,29.0
Kangaskhan,Amoonguss,67.786,0.0,18.0
Rayquaza,Zacian Crowned Sword,67.541,1.0,65.0
Kabutops,Whimsicott,67.502,0.0,17.0
Roserade,Lapras,67.486,,1.0
Turtonator,Sirfetch'd,67.468,,
Galarian Weezing,Tornadus Incarnate Forme,67.44,0.0,8.0
Alcremie,Eternatus,67.395,0.0,1.0
Registeel,Venusaur,67.292,0.0,7.0
Sceptile,Incineroar,67.264,0.0,59.0
Flareon,Vaporeon,67.046,,
Tangela,Tyranitar,66.929,,0.0
Sceptile,Groudon,66.875,0.0,23.0
Slowking,Indeedee Male,66.874,0.0,1.0
Grimmsnarl,Zacian Crowned Sword,66.854,30.0,65.0
Heatran,Zacian Crowned Sword,66.854,0.0,65.0
Mime Galarian Mr. Mime,Zacian Crowned Sword,66.779,0.0,65.0
Slowking,Calyrex Ice Rider,66.718,0.0,11.0
Slowking,Hatterene,66.711,0.0,0.0
Alcremie,Thundurus Incarnate Forme,66.684,0.0,21.0
Exeggutor,Whimsicott,66.615,0.0,17.0
Flareon,Espeon,66.523,,0.0
Landorus Incarnate Forme,Incineroar,66.475,0.0,59.0
Alcremie,Grimmsnarl,66.455,0.0,30.0
Indeedee Male,Regieleki,66.451,1.0,29.0
Exeggutor,Grimmsnarl,66.433,0.0,30.0
Sceptile,Calyrex Ice Rider,66.429,0.0,11.0
Sceptile,Primarina,66.398,0.0,0.0
Manectric,Tornadus Incarnate Forme,66.388,0.0,8.0
Oranguru,Indeedee Female,66.271,0.0,18.0
Sceptile,Heat Rotom,66.189,0.0,1.0
Salamence,Incineroar,66.089,0.0,59.0
Machamp,Regieleki,66.044,0.0,29.0
Indeedee Male,Whimsicott,65.836,1.0,17.0
Bouffalant,Togekiss,65.761,,1.0
Alakazam,Indeedee Female,65.665,,18.0
Scizor,Incineroar,65.598,0.0,59.0
Suicune,Zacian Crowned Sword,65.499,0.0,65.0
Eiscue Ice Face,Milotic,65.475,,0.0
Inteleon,Indeedee Female,65.46,0.0,18.0
Shuckle,Liepard,65.449,0.0,0.0
Aerodactyl,Landorus Therian Forme,65.394,0.0,20.0
Eiscue Ice Face,Weavile,65.361,,0.0
Palkia,Amoonguss,65.32,9.0,18.0
Lapras,Zacian Crowned Sword,65.293,1.0,65.0
Tangela,Dragapult,65.287,,1.0
Tangela,Toxtricity Low Key Form,65.276,,
Tangela,Corviknight,65.276,,0.0
Blissey,Kyogre,65.255,0.0,35.0
Golurk,Togekiss,65.22,,1.0
Cinccino,Rillaboom,65.075,0.0,27.0
Alolan Raichu,Pincurchin,65.062,,0.0
Stonjourner,Zacian Crowned Sword,65.041,0.0,65.0
Registeel,Porygon2,65.014,0.0,9.0
Registeel,Torkoal,65.014,0.0,3.0
Gothitelle,Zacian Crowned Sword,64.952,2.0,65.0
Suicune,Groudon,64.868,0.0,23.0
Alcremie,Arcanine,64.819,0.0,0.0
Cinccino,Mudsdale,64.79,0.0,0.0
Regidrago,Whimsicott,64.79,0.0,17.0
Machamp,Galarian Moltres,64.757,0.0,0.0
Cinccino,Palkia,64.747,0.0,9.0
Cinccino,Cloyster,64.743,0.0,0.0
Moltres,Zacian Crowned Sword,64.729,0.0,65.0
Alolan Exeggutor,Indeedee Female,64.725,0.0,18.0
Flareon,Umbreon,64.554,,1.0
Klinklang,Kyogre,64.526,0.0,35.0
Lopunny,Cinderace,64.492,,1.0
Miltank,Rillaboom,64.419,,27.0
Indeedee Male,Calyrex Shadow Rider,64.363,1.0,22.0
Ditto,Zacian Crowned Sword,64.346,5.0,65.0
Klinklang,Calyrex Ice Rider,64.308,0.0,11.0
Entei,Zacian Crowned Sword,64.292,2.0,65.0
Ferrothorn,Zacian Crowned Sword,64.175,5.0,65.0
Frost Rotom,Rillaboom,64.139,,27.0
Klinklang,Cinderace,64.137,0.0,1.0
Golurk,Arcanine,64.104,,0.0
Cinderace,Kyogre,64.007,1.0,35.0
Stonjourner,Thundurus Incarnate Forme,63.961,0.0,21.0
Slowbro,Zacian Crowned Sword,63.914,0.0,65.0
Morpeko Full Belly Mode,Rillaboom,63.902,,27.0
Vanilluxe,Toxtricity Low Key Form,63.784,,
Bronzong,Thundurus Incarnate Forme,63.749,1.0,21.0
Mantine,Incineroar,63.725,0.0,59.0
Alolan Persian,Zapdos,63.684,0.0,8.0
Garchomp,Zacian Crowned Sword,63.682,0.0,65.0
Mime Galarian Mr. Mime,Kyogre,63.643,0.0,35.0
Slowbro,White Kyurem,63.53,0.0,2.0
Shiftry,Thundurus Incarnate Forme,63.501,0.0,21.0
Kabutops,Incineroar,63.496,0.0,59.0
Dugtrio,Solgaleo,63.465,0.0,4.0
Raikou,Kyogre,63.249,0.0,35.0
Hatterene,Calyrex Ice Rider,63.248,0.0,11.0
Dusclops,Amoonguss,63.232,4.0,18.0
Stoutland,Tyranitar,63.185,,0.0
Eiscue Ice Face,Dracovish,63.12,,0.0
Exeggutor,Celesteela,63.087,0.0,1.0
Exeggutor,Calyrex Shadow Rider,63.087,0.0,22.0
Turtonator,Milotic,63.024,,0.0
Grapploct,Lapras,62.94,,1.0
Chansey,Shuckle,62.893,0.0,0.0
Bronzong,Venusaur,62.841,1.0,7.0
Eiscue Ice Face,Glaceon,62.835,,0.0
Primarina,Sceptile,62.834,0.0,0.0
Slowbro,Indeedee Female,62.778,0.0,18.0
Bouffalant,Arcanine,62.752,,0.0
Trevenant,Calyrex Ice Rider,62.653,0.0,11.0
Dragapult,Zacian Crowned Sword,62.648,1.0,65.0
Slowbro,Ferrothorn,62.64,0.0,5.0
Slowbro,Hydreigon,62.636,0.0,0.0
Tornadus Incarnate Forme,Zacian Crowned Sword,62.536,8.0,65.0
Tapu Lele,Zacian Crowned Sword,62.42,2.0,65.0
Weavile,Ferrothorn,62.252,0.0,5.0
Mime Galarian Mr. Mime,Incineroar,62.249,0.0,59.0
Turtonator,Excadrill,62.204,,0.0
Ninjask,Cinderace,62.165,,1.0
Turtonator,Mimikyu,62.153,,2.0
Cloyster,Rillaboom,62.071,0.0,27.0
Weavile,Zapdos,62.063,0.0,8.0
Lycanroc Midnight Form,Cinderace,61.942,,1.0
Pelipper,Landorus Therian Forme,61.903,0.0,20.0
Wigglytuff,Dusclops,61.749,,4.0
Garchomp,Kyogre,61.593,0.0,35.0
Pelipper,Amoonguss,61.51,0.0,18.0
Rillaboom,Incineroar,61.378,27.0,59.0
Bronzong,Incineroar,61.32,1.0,59.0
Kingdra,Indeedee Female,61.284,3.0,18.0
Lycanroc Midday Form,Tyranitar,61.256,,0.0
Darmanitan Standard Mode,Thundurus Incarnate Forme,61.251,0.0,21.0
Gardevoir,Venusaur,61.187,,7.0
Ninjask,Riolu,61.16,,0.0
Ludicolo,Kyogre,61.151,0.0,35.0
Yveltal,Zacian Crowned Sword,61.076,11.0,65.0
Luxray,Dialga,61.07,0.0,4.0
Ninjask,Rillaboom,61.065,,27.0
Crustle,Snorlax,61.001,,0.0
Trevenant,Indeedee Female,60.994,0.0,18.0
Torkoal,Venusaur,60.94,3.0,7.0
Luxray,Zacian Crowned Sword,60.871,0.0,65.0
Amoonguss,Incineroar,60.857,18.0,59.0
Pelipper,Barraskewda,60.826,0.0,1.0
Dawn Wings Necrozma,Tapu Fini,60.816,1.0,2.0
Mamoswine,Zacian Crowned Sword,60.699,1.0,65.0
Primarina,Incineroar,60.687,0.0,59.0
Tapu Fini,Incineroar,60.676,2.0,59.0
Wash Rotom,Zacian Crowned Sword,60.672,0.0,65.0
Luxray,Whimsicott,60.642,0.0,17.0
Zamazenta Crowned Shield,Incineroar,60.636,0.0,59.0
Golurk,Porygon2,60.584,,9.0
Mimikyu,Calyrex Ice Rider,60.506,2.0,11.0
Luxray,Dracovish,60.498,0.0,0.0
Luxray,Galarian Zapdos,60.498,0.0,0.0
Thundurus Therian Forme,Kyogre,60.48,0.0,35.0
Crustle,Hitmontop,60.355,,0.0
Barraskewda,Kyogre,60.305,1.0,35.0
Flygon,Togekiss,60.298,,1.0
Xerneas,Groudon,60.273,4.0,23.0
Suicune,Incineroar,60.26,0.0,59.0
Blissey,Zacian Crowned Sword,60.248,0.0,65.0
Mantine,Rillaboom,60.234,0.0,27.0
Lugia,Zacian Crowned Sword,60.177,0.0,65.0
Galarian Slowbro,Torkoal,60.141,,3.0
Gardevoir,Torkoal,60.137,,3.0
Unfezant,Togekiss,60.092,,1.0
Raikou,Solgaleo,59.962,0.0,4.0
Trevenant,Groudon,59.852,0.0,23.0
Gourgeist Small Size,Cinderace,59.823,,1.0
Landorus Incarnate Forme,Regieleki,59.821,0.0,29.0
Golurk,Whimsicott,59.767,,17.0
Black Kyurem,Grimmsnarl,59.729,0.0,30.0
Bouffalant,Gourgeist Super Size,59.624,,
Incineroar,Zacian Crowned Sword,59.583,59.0,65.0
Slurpuff,Indeedee Male,59.442,,1.0
Sableye,Rillaboom,59.438,2.0,27.0
Crustle,Golduck,59.374,,
Hydreigon,Zacian Crowned Sword,59.36,0.0,65.0
Galvantula,Gyarados,59.335,,0.0
Miltank,Comfey,59.271,,1.0
Galvantula,Togedemaru,59.242,,0.0
Galvantula,Lucario,59.241,,0.0
Palossand,Yveltal,59.202,0.0,11.0
Nihilego,Zacian Crowned Sword,59.092,0.0,65.0
Tapu Lele,Amoonguss,59.037,2.0,18.0
Aerodactyl,Calyrex Shadow Rider,58.978,0.0,22.0
Stonjourner,Incineroar,58.958,0.0,59.0
Yveltal,Incineroar,58.851,11.0,59.0
Alolan Persian,Ferrothorn,58.824,0.0,5.0
Dugtrio,Incineroar,58.785,0.0,59.0
Dugtrio,Calyrex Shadow Rider,58.595,0.0,22.0
Unfezant,Rillaboom,58.594,,27.0
Dugtrio,Rillaboom,58.584,0.0,27.0
Dugtrio,Galarian Zapdos,58.583,0.0,0.0
Blissey,Landorus Therian Forme,58.495,0.0,20.0
Shuckle,Indeedee Female,58.475,0.0,18.0
Blissey,Primarina,58.463,0.0,0.0
Blissey,Sceptile,58.463,0.0,0.0
Golurk,Gyarados,58.331,,0.0
Trevenant,Amoonguss,58.277,0.0,18.0
Charizard,Zacian Crowned Sword,58.274,19.0,65.0
Trevenant,Sableye,58.166,0.0,2.0
Primarina,Groudon,58.155,0.0,23.0
Scizor,Groudon,58.088,0.0,23.0
Scizor,White Kyurem,58.079,0.0,2.0
Clawitzer,Rillaboom,58.057,,27.0
Venusaur,Incineroar,58.019,7.0,59.0
Miltank,Lapras,57.979,,1.0
Mr. Mime,Chansey,57.922,,0.0
Mr. Mime,Shuckle,57.922,,0.0
Aerodactyl,Indeedee Female,57.845,0.0,18.0
Lucario,Kyogre,57.711,0.0,35.0
Urshifu Rapid Strike Style,Incineroar,57.635,2.0,59.0
Kabutops,Thundurus Incarnate Forme,57.505,0.0,21.0
Seismitoad,Zacian Crowned Sword,57.494,1.0,65.0
Lapras,Incineroar,57.418,1.0,59.0
Charizard,Grimmsnarl,57.381,19.0,30.0
Spectrier,Incineroar,57.375,1.0,59.0
Froslass,Grimmsnarl,57.336,0.0,30.0
Reshiram,Grimmsnarl,57.213,1.0,30.0
Shiftry,Entei,57.156,0.0,2.0
Shiftry,Gothitelle,57.156,0.0,2.0
Hawlucha,Zacian Crowned Sword,57.146,0.0,65.0
Kyogre,Zacian Crowned Sword,57.093,35.0,65.0
Tangrowth,Hatterene,57.059,,0.0
Steelix,Arcanine,57.0,,0.0
Talonflame,Kyogre,56.995,0.0,35.0
Cloyster,Palkia,56.96,0.0,9.0
Cloyster,Mudsdale,56.93,0.0,0.0
Cloyster,Cinccino,56.93,0.0,0.0
Thundurus Incarnate Forme,Incineroar,56.853,21.0,59.0
Aegislash Shield Forme,Kyogre,56.814,0.0,35.0
Pheromosa,Amoonguss,56.807,1.0,18.0
Glastrier,Kyogre,56.785,0.0,35.0
Stonjourner,Lapras,56.707,0.0,1.0
Frost Rotom,Inteleon,56.641,,0.0
Indeedee Female,Kyogre,56.547,18.0,35.0
Meowstic Male,Zacian Crowned Sword,56.539,0.0,65.0
Sandslash,Arcanine,56.404,,0.0
Scolipede,Cinderace,56.046,,1.0
Grimmsnarl,Incineroar,56.035,30.0,59.0
Zapdos,Incineroar,56.028,8.0,59.0
Galarian Slowbro,Venusaur,55.914,,7.0
Diggersby,Incineroar,55.884,0.0,59.0
Calyrex Shadow Rider,Zacian Crowned Sword,55.883,22.0,65.0
Cobalion,Whimsicott,55.797,0.0,17.0
Frost Rotom,Talonflame,55.796,,0.0
Lucario,Zapdos,55.691,0.0,8.0
Miltank,Riolu,55.672,,0.0
Primarina,Heat Rotom,55.646,0.0,1.0
Mandibuzz,Kyogre,55.634,0.0,35.0
Lucario,Rillaboom,55.613,0.0,27.0
Altaria,Incineroar,55.6,0.0,59.0
Venusaur,Groudon,55.583,7.0,23.0
Miltank,Dusknoir,55.58,,
Zekrom,Comfey,55.551,0.0,1.0
Bronzong,Xerneas,55.543,1.0,4.0
Aerodactyl,Groudon,55.534,0.0,23.0
Zamazenta Crowned Shield,Zygarde Complete Forme,55.528,0.0,1.0
Lucario,Tornadus Incarnate Forme,55.525,0.0,8.0
Flapple,Whimsicott,55.523,,17.0
Lucario,Solgaleo,55.521,0.0,4.0
Blastoise,Incineroar,55.509,7.0,59.0
Clefairy,Zacian Crowned Sword,55.504,0.0,65.0
Duraludon,Whimsicott,55.266,0.0,17.0
Gigalith,Kyogre,55.217,0.0,35.0
Dusclops,Palkia,55.215,4.0,9.0
Duraludon,Zacian Crowned Sword,55.147,0.0,65.0
Dracozolt,Xerneas,55.076,0.0,4.0
Leafeon,Groudon,55.038,0.0,23.0
Steelix,Urshifu Single Strike Style,55.02,,4.0
Hitmontop,Calyrex Shadow Rider,55.016,0.0,22.0
Flapple,Togekiss,54.925,,1.0
Steelix,Goodra,54.759,,0.0
Palkia,Calyrex Ice Rider,54.721,9.0,11.0
Thievul,Indeedee Male,54.657,,1.0
Sandaconda,Gothitelle,54.641,,2.0
Aerodactyl,Charizard,54.519,0.0,19.0
Primarina,Calyrex Ice Rider,54.404,0.0,11.0
Rayquaza,Rillaboom,54.323,1.0,27.0
Ho-oh,Gastrodon,54.263,1.0,20.0
Electivire,Kyogre,54.207,0.0,35.0
Krookodile,Venusaur,54.206,0.0,7.0
Tangrowth,Incineroar,54.193,,59.0
Zacian Crowned Sword,Incineroar,54.189,65.0,59.0
Terrakion,Whimsicott,54.186,0.0,17.0
Shuckle,Dialga,54.147,0.0,4.0
Lycanroc Midnight Form,Incineroar,54.037,,59.0
Unfezant,Luxray,54.024,,0.0
Lycanroc Dusk Form,Togekiss,54.019,,1.0
Thievul,Incineroar,53.95,,59.0
Raichu,Zacian Crowned Sword,53.881,3.0,65.0
Mow Rotom,Incineroar,53.821,0.0,59.0
Shedinja,Kingdra,53.761,4.0,3.0
Noctowl,Tyranitar,53.605,,0.0
Hitmontop,Regieleki,53.59,0.0,29.0
Heat Rotom,Gastrodon,53.559,1.0,20.0
Mantine,Thundurus Therian Forme,53.557,0.0,0.0
Scrafty,Regieleki,53.554,0.0,29.0
Articuno,Kyogre,53.393,0.0,35.0
Cradily,Kyogre,53.337,0.0,35.0
Gourgeist Super Size,Wash Rotom,53.272,,0.0
Magnezone,Rillaboom,53.254,,27.0
Alolan Raichu,Indeedee Female,53.223,,18.0
Ferrothorn,Kyogre,53.21,5.0,35.0
Garchomp,Whimsicott,53.153,0.0,17.0
Gourgeist Small Size,Rillaboom,53.12,,27.0
Mr. Mime,Hatterene,53.112,,0.0
Hitmontop,Kyogre,53.048,0.0,35.0
Scizor,Venusaur,52.96,0.0,7.0
Tapu Koko,Calyrex Ice Rider,52.931,0.0,11.0
Tsareena,Regieleki,52.867,0.0,29.0
Porygon-Z,Zacian Crowned Sword,52.698,0.0,65.0
Porygon2,Incineroar,52.601,9.0,59.0
Groudon,Grimmsnarl,52.588,23.0,30.0
Unfezant,Snorlax,52.562,,0.0
Unfezant,Riolu,52.509,,0.0
Lycanroc Midnight Form,Rillaboom,52.476,,27.0
Dunsparce,Indeedee Female,52.447,,18.0
Dedenne,Tyranitar,52.432,,0.0
Electivire,Calyrex Shadow Rider,52.331,0.0,22.0
Electivire,Whimsicott,52.319,0.0,17.0
Noctowl,Hitmontop,52.253,,0.0
Seismitoad,Grimmsnarl,52.244,1.0,30.0
Electivire,Rillaboom,52.23,0.0,27.0
Electivire,Indeedee Female,52.213,0.0,18.0
Seismitoad,Incineroar,52.21,1.0,59.0
Whimsicott,Zacian Crowned Sword,52.199,17.0,65.0
Eternatus,Incineroar,52.155,1.0,59.0
Toxtricity Low Key Form,Cinderace,52.14,,1.0
Whimsicott,Kyogre,52.084,17.0,35.0
Stoutland,Togekiss,52.053,,1.0
Aromatisse,Torkoal,52.049,,3.0
Aromatisse,Venusaur,52.044,,7.0
Flygon,Umbreon,51.96,,1.0
Mewtwo,Zacian Crowned Sword,51.952,0.0,65.0
Chandelure,Whimsicott,51.902,0.0,17.0
Krookodile,Urshifu Single Strike Style,51.893,0.0,4.0
Dunsparce,Togekiss,51.852,,1.0
Alolan Exeggutor,Calyrex Ice Rider,51.831,0.0,11.0
Torkoal,Zacian Crowned Sword,51.753,3.0,65.0
Shedinja,Indeedee Female,51.639,4.0,18.0
Yveltal,Regieleki,51.634,11.0,29.0
Nihilego,Incineroar,51.618,0.0,59.0
Slowking,Palkia,51.611,0.0,9.0
Calyrex Ice Rider,Amoonguss,51.585,11.0,18.0
Urshifu Rapid Strike Style,Zacian Crowned Sword,51.567,2.0,65.0
Dracozolt,Whimsicott,51.563,0.0,17.0
Slowking,Incineroar,51.558,0.0,59.0
Arcanine,Eternatus,51.544,0.0,1.0
Garchomp,Charizard,51.474,0.0,19.0
Krookodile,Palkia,51.326,0.0,9.0
Dracozolt,Indeedee Female,51.264,0.0,18.0
Tapu Lele,Kartana,51.214,2.0,7.0
Regidrago,Rillaboom,51.195,0.0,27.0
Landorus Incarnate Forme,Yveltal,51.192,0.0,11.0
Mr. Mime,Indeedee Female,51.162,,18.0
Glastrier,Dusclops,51.141,0.0,4.0
Dracovish,Indeedee Female,51.136,0.0,18.0
Thievul,Cinderace,51.093,,1.0
Vaporeon,Espeon,51.079,,0.0
Snorlax,Indeedee Female,51.078,0.0,18.0
Kommo-o,Yveltal,50.988,0.0,11.0
Drampa,Incineroar,50.972,0.0,59.0
Togedemaru,Venusaur,50.969,0.0,7.0
Kommo-o,Gastrodon,50.968,0.0,20.0
Riolu,Calyrex Ice Rider,50.952,0.0,11.0
Dusclops,Regieleki,50.931,4.0,29.0
Glaceon,Zamazenta Crowned Shield,50.929,0.0,0.0
Espeon,Indeedee Female,50.899,0.0,18.0
Glaceon,Zygarde Complete Forme,50.875,0.0,1.0
Glaceon,Araquanid,50.875,0.0,1.0
Glaceon,Incineroar,50.875,0.0,59.0
Glaceon,Regieleki,50.875,0.0,29.0
Tapu Lele,Tornadus Incarnate Forme,50.795,2.0,8.0
Mandibuzz,Zapdos,50.734,0.0,8.0
Cofagrigus,Togekiss,50.692,,1.0
Vaporeon,Sylveon,50.594,,
Togedemaru,Groudon,50.54,0.0,23.0
Klefki,Incineroar,50.539,0.0,59.0
Flapple,Excadrill,50.517,,0.0
Chandelure,Groudon,50.485,0.0,23.0
Liepard,Chansey,50.312,0.0,0.0
Liepard,Shuckle,50.311,0.0,0.0
Xurkitree,Zacian Crowned Sword,50.254,0.0,65.0
Maractus,Torkoal,50.218,,3.0
Noctowl,Claydol,50.083,,
Noctowl,Durant,50.083,,0.0
Spectrier,Zacian Crowned Sword,49.985,1.0,65.0
Diggersby,Kyogre,49.969,0.0,35.0
Kingler,Calyrex Shadow Rider,49.959,0.0,22.0
Tentacruel,Rillaboom,49.922,,27.0
Cinderace,Whimsicott,49.813,1.0,17.0
Mudsdale,Zacian Crowned Sword,49.805,0.0,65.0
Sandaconda,Gengar,49.743,,0.0
Groudon,Zacian Crowned Sword,49.7,23.0,65.0
Togedemaru,Lugia,49.577,0.0,0.0
Togedemaru,Cinderace,49.538,0.0,1.0
Araquanid,Incineroar,49.528,1.0,59.0
Altaria,Palkia,49.518,0.0,9.0
Altaria,Calyrex Ice Rider,49.517,0.0,11.0
Umbreon,Thundurus Incarnate Forme,49.504,1.0,21.0
Lunala,Groudon,49.476,2.0,23.0
Diggersby,Zapdos,49.456,0.0,8.0
Flapple,Tyranitar,49.449,,0.0
Roserade,Dusclops,49.422,,4.0
Crustle,Indeedee Female,49.347,,18.0
Flygon,Magnezone,49.321,,
Flygon,Meowstic Male,49.318,,0.0
Moltres,Regieleki,49.314,0.0,29.0
Beartic,Alolan Ninetales,49.168,,0.0
Flygon,Urshifu Single Strike Style,49.133,,4.0
Vaporeon,Flareon,49.127,,
Moltres,Whimsicott,49.083,0.0,17.0
Moltres,Ferrothorn,49.082,0.0,5.0
Boltund,Charizard,48.981,0.0,19.0
Xerneas,Grimmsnarl,48.98,4.0,30.0
Zekrom,Incineroar,48.854,0.0,59.0
Arcanine,Grimmsnarl,48.835,0.0,30.0
Boltund,Groudon,48.832,0.0,23.0
Chandelure,Charizard,48.761,0.0,19.0
Palossand,Weezing,48.739,0.0,2.0
Palossand,Eternatus,48.739,0.0,1.0
Palossand,Regigigas,48.739,0.0,1.0
Butterfree,Zacian Crowned Sword,48.711,0.0,65.0
Flapple,Arcanine,48.701,,0.0
Marowak,Rillaboom,48.597,,27.0
Gyarados,Zacian Crowned Sword,48.502,0.0,65.0
Cobalion,Kyogre,48.455,0.0,35.0
Vaporeon,Jolteon,48.452,,
Reshiram,Gastrodon,48.421,1.0,20.0
Galarian Slowbro,Tyranitar,48.414,,0.0
Lycanroc Midnight Form,Grimmsnarl,48.386,,30.0
Arcanine,Thundurus Incarnate Forme,48.365,0.0,21.0
Meowstic Male,Rillaboom,48.354,0.0,27.0
Heat Rotom,Yveltal,48.354,1.0,11.0
Runerigus,Hatterene,48.346,,0.0
Dragapult,Incineroar,48.311,1.0,59.0
Lycanroc Midnight Form,Goodra,48.287,,0.0
Magnezone,Incineroar,48.245,,59.0
Arcanine,Solgaleo,48.233,0.0,4.0
Mamoswine,Regieleki,48.222,1.0,29.0
Landorus Incarnate Forme,Calyrex Ice Rider,48.195,0.0,11.0
Sandslash,Gyarados,48.152,,0.0
Gastrodon,Groudon,48.02,20.0,23.0
Darmanitan Standard Mode,Zacian Crowned Sword,48.014,0.0,65.0
Scyther,Incineroar,47.973,,59.0
Obstagoon,Incineroar,47.927,0.0,59.0
Kingler,Zacian Crowned Sword,47.922,0.0,65.0
Garchomp,Umbreon,47.877,0.0,1.0
Suicune,Charizard,47.839,0.0,19.0
Chansey,Zacian Crowned Sword,47.824,0.0,65.0
Charizard,Gastrodon,47.798,19.0,20.0
Mienshao,Zacian Crowned Sword,47.745,0.0,65.0
Heat Rotom,Rillaboom,47.653,1.0,27.0
Blaziken,Amoonguss,47.567,0.0,18.0
Altaria,Rillaboom,47.55,0.0,27.0
Altaria,Celesteela,47.475,0.0,1.0
Vaporeon,Umbreon,47.431,,1.0
Cradily,Gastrodon,47.427,0.0,20.0
Accelgor,Yveltal,47.426,0.0,11.0
Raikou,Rillaboom,47.383,0.0,27.0
Dragalge,Rillaboom,47.36,,27.0
Regieleki,Incineroar,47.343,29.0,59.0
Regigigas,Whimsicott,47.184,1.0,17.0
Shiinotic,Hatterene,47.176,,0.0
Zapdos,Grimmsnarl,47.175,8.0,30.0
Clefairy,Regieleki,47.149,0.0,29.0
Talonflame,Zacian Crowned Sword,47.145,0.0,65.0
Goodra,Kyogre,47.126,0.0,35.0
Reuniclus,Incineroar,47.112,,59.0
Galarian Articuno,Incineroar,47.055,0.0,59.0
Reshiram,Rillaboom,46.983,1.0,27.0
Heat Rotom,Landorus Therian Forme,46.956,1.0,20.0
Boltund,Incineroar,46.878,0.0,59.0
Boltund,Gastrodon,46.817,0.0,20.0
Dracozolt,Calyrex Shadow Rider,46.762,0.0,22.0
Excadrill,Zacian Crowned Sword,46.724,0.0,65.0
Hatterene,Indeedee Male,46.718,0.0,1.0
Bouffalant,Wash Rotom,46.695,,0.0
Calyrex Ice Rider,Palkia,46.625,11.0,9.0
Glastrier,Yveltal,46.577,0.0,11.0
Landorus Incarnate Forme,Rillaboom,46.501,0.0,27.0
Crawdaunt,Sableye,46.447,,2.0
Hatterene,Slowking,46.434,0.0,0.0
Reshiram,Zacian Crowned Sword,46.42,1.0,65.0
Mewtwo,Regieleki,46.413,0.0,29.0
Gothitelle,Thundurus Incarnate Forme,46.404,2.0,21.0
Kommo-o,Indeedee Female,46.381,0.0,18.0
Arctozolt,Whimsicott,46.381,,17.0
Gastrodon,Grimmsnarl,46.379,20.0,30.0
Vileplume,Dusclops,46.367,,4.0
Mimikyu,Kyogre,46.358,2.0,35.0
Articuno,Solgaleo,46.341,0.0,4.0
Articuno,Raichu,46.341,0.0,3.0
Tangrowth,Indeedee Female,46.333,,18.0
Clefairy,Calyrex Shadow Rider,46.257,0.0,22.0
Lycanroc Midday Form,Clefairy,46.207,,0.0
Thievul,Torkoal,46.205,,3.0
Crobat,Incineroar,46.162,0.0,59.0
Zygarde Complete Forme,Zamazenta Crowned Shield,46.162,1.0,0.0
Exploud,Cinderace,46.12,,1.0
Mow Rotom,Galarian Articuno,46.085,0.0,0.0
Mow Rotom,Eternatus,46.085,0.0,1.0
Gourgeist Small Size,Talonflame,46.072,,0.0
Gourgeist Small Size,Alolan Ninetales,46.068,,0.0
Arctozolt,Cinderace,46.001,,1.0
Amoonguss,Zacian Crowned Sword,45.934,18.0,65.0
Yveltal,Landorus Therian Forme,45.888,11.0,20.0
Lickilicky,Grimmsnarl,45.779,,30.0
Crobat,Groudon,45.754,0.0,23.0
Exploud,Indeedee Female,45.687,,18.0
Dusk Mane Necrozma,Incineroar,45.562,0.0,59.0
Conkeldurr,Regieleki,45.468,0.0,29.0
Milotic,Incineroar,45.454,0.0,59.0
White Kyurem,Whimsicott,45.426,2.0,17.0
Dragalge,Incineroar,45.421,,59.0
Gastrodon,Charizard,45.372,20.0,19.0
Clawitzer,Indeedee Female,45.281,,18.0
Dracovish,Kyogre,45.216,0.0,35.0
Hitmontop,Whimsicott,45.171,0.0,17.0
Thievul,Clefairy,45.157,,0.0
Tapu Bulu,Thundurus Incarnate Forme,45.074,0.0,21.0
Tangrowth,Porygon2,45.066,,9.0
Dunsparce,Dragapult,45.061,,1.0
Silvally,Calyrex Shadow Rider,45.05,0.0,22.0
Lopunny,Togekiss,44.969,,1.0
Silvally,Yveltal,44.967,0.0,11.0
Silvally,Indeedee Female,44.966,0.0,18.0
Barraskewda,Whimsicott,44.935,1.0,17.0
Arcanine,Alcremie,44.917,0.0,0.0
Regieleki,Zacian Crowned Sword,44.907,29.0,65.0
Dedenne,Togekiss,44.878,,1.0
Xurkitree,Incineroar,44.861,0.0,59.0
Tapu Bulu,Calyrex Shadow Rider,44.857,0.0,22.0
Klefki,Zacian Crowned Sword,44.851,0.0,65.0
Exploud,Dragapult,44.84,,1.0
Tapu Bulu,Zacian Crowned Sword,44.839,0.0,65.0
Crawdaunt,Cinderace,44.647,,1.0
Porygon-Z,Rillaboom,44.62,0.0,27.0
Urshifu Single Strike Style,Kyogre,44.607,4.0,35.0
Glastrier,Raichu,44.55,0.0,3.0
Oranguru,Calyrex Ice Rider,44.544,0.0,11.0
Milotic,Venusaur,44.526,0.0,7.0
Sableye,Zacian Crowned Sword,44.519,2.0,65.0
Aromatisse,Urshifu Single Strike Style,44.5,,4.0
Togedemaru,Hydreigon,44.466,0.0,0.0
Milotic,Groudon,44.433,0.0,23.0
Galarian Zapdos,Incineroar,44.408,0.0,59.0
Regidrago,Indeedee Female,44.403,0.0,18.0
Kartana,Tornadus Incarnate Forme,44.397,7.0,8.0
Magneton,Venusaur,44.38,,7.0
White Kyurem,Zacian Crowned Sword,44.355,2.0,65.0
Dracovish,Whimsicott,44.299,0.0,17.0
Mewtwo,Incineroar,44.296,0.0,59.0
Chansey,Liepard,44.245,0.0,0.0
Dunsparce,Cobalion,44.225,,0.0
Coalossal,Yveltal,44.173,1.0,11.0
Toxtricity Low Key Form,Rillaboom,44.127,,27.0
Xerneas,Charizard,44.081,4.0,19.0
Claydol,Tyranitar,44.08,,0.0
Dunsparce,Espeon,44.044,,0.0
Diggersby,Rillaboom,44.025,0.0,27.0
Tangrowth,Snorlax,44.014,,0.0
Magnezone,Togekiss,43.977,,1.0
Indeedee Female,Zacian Crowned Sword,43.973,18.0,65.0
Claydol,Durant,43.967,,0.0
Ninjask,Gyarados,43.928,,0.0
Ninjask,Alolan Marowak,43.924,,0.0
Mime Galarian Mr. Mime,Regieleki,43.888,0.0,29.0
Kommo-o,Entei,43.871,0.0,2.0
Wash Rotom,Incineroar,43.818,0.0,59.0
Umbreon,Zacian Crowned Sword,43.745,1.0,65.0
Silvally,Stakataka,43.712,0.0,0.0
Durant,Kyogre,43.683,0.0,35.0
Ho-oh,Incineroar,43.664,1.0,59.0
Morpeko Full Belly Mode,Mudsdale,43.601,,0.0
Porygon-Z,Kyogre,43.542,0.0,35.0
Morpeko Full Belly Mode,Tentacruel,43.53,,
Mow Rotom,Grimmsnarl,43.514,0.0,30.0
Abomasnow,Solgaleo,43.48,0.0,4.0
Galvantula,Milotic,43.414,,0.0
Gigalith,Gastrodon,43.308,0.0,20.0
Durant,Regieleki,43.257,0.0,29.0
Heatran,Rillaboom,43.255,0.0,27.0
Arctozolt,Togekiss,43.249,,1.0
Porygon2,Zacian Crowned Sword,43.137,9.0,65.0
Politoed,Thundurus Incarnate Forme,43.127,0.0,21.0
Landorus Therian Forme,Kyogre,43.125,20.0,35.0
Drampa,Rillaboom,43.09,0.0,27.0
Togekiss,Incineroar,42.981,1.0,59.0
Malamar,Torkoal,42.951,,3.0
Galarian Moltres,Zacian Crowned Sword,42.898,0.0,65.0
Lycanroc Dusk Form,Rillaboom,42.866,,27.0
Gigalith,Rillaboom,42.866,0.0,27.0
Hitmontop,Indeedee Female,42.85,0.0,18.0
Gothitelle,Entei,42.787,2.0,2.0
Torkoal,Porygon2,42.77,3.0,9.0
Darmanitan Galarian Standard Mode,Zacian Crowned Sword,42.705,0.0,65.0
Polteageist,Whimsicott,42.693,,17.0
Pikachu,Kyogre,42.692,0.0,35.0
Lugia,Incineroar,42.661,0.0,59.0
Gigalith,Tornadus Incarnate Forme,42.639,0.0,8.0
Virizion,Incineroar,42.61,,59.0
Drampa,Calyrex Shadow Rider,42.605,0.0,22.0
Obstagoon,Gastrodon,42.584,0.0,20.0
Polteageist,Cinderace,42.574,,1.0
Centiskorch,Zacian Crowned Sword,42.535,0.0,65.0
Drampa,Blastoise,42.53,0.0,7.0
Galvantula,Incineroar,42.522,,59.0
Hatterene,Incineroar,42.467,0.0,59.0
Mienshao,Zapdos,42.417,0.0,8.0
Leafeon,Zacian Crowned Sword,42.372,0.0,65.0
Dialga,Incineroar,42.353,4.0,59.0
Solgaleo,Kyogre,42.346,4.0,35.0
Claydol,Hitmontop,42.342,,0.0
Espeon,Calyrex Ice Rider,42.321,0.0,11.0
Cinderace,Indeedee Female,42.308,1.0,18.0
Galarian Articuno,Rillaboom,42.292,0.0,27.0
Ludicolo,Incineroar,42.253,0.0,59.0
Reuniclus,Indeedee Female,42.216,,18.0
Zamazenta Crowned Shield,Thundurus Incarnate Forme,42.197,0.0,21.0
Gothitelle,Palkia,42.197,2.0,9.0
Groudon,Gastrodon,42.181,23.0,20.0
Escavalier,Kyogre,42.177,0.0,35.0
Raichu,Kartana,42.174,3.0,7.0
Runerigus,Amoonguss,42.162,,18.0
Latias,Regieleki,42.11,0.0,29.0
Weezing,Kyogre,42.097,2.0,35.0
Krookodile,Yveltal,42.01,0.0,11.0
Wash Rotom,Regieleki,41.972,0.0,29.0
Pikachu,Zacian Crowned Sword,41.961,0.0,65.0
Unfezant,Krookodile,41.951,,0.0
Falinks,Togekiss,41.925,,1.0
Pikachu,Whimsicott,41.875,0.0,17.0
Articuno,Spectrier,41.842,0.0,1.0
Crobat,Zacian Crowned Sword,41.813,0.0,65.0
Latias,Sableye,41.784,0.0,2.0
Tornadus Incarnate Forme,Kartana,41.763,8.0,7.0
Mandibuzz,Zacian Crowned Sword,41.762,0.0,65.0
Volcarona,Zacian Crowned Sword,41.736,0.0,65.0
Beheeyem,Primarina,41.734,,0.0
Chandelure,Venusaur,41.651,0.0,7.0
Krookodile,Torkoal,41.618,0.0,3.0
Cradily,Zacian Crowned Sword,41.617,0.0,65.0
Pincurchin,Calyrex Ice Rider,41.583,0.0,11.0
Liepard,Indeedee Female,41.503,0.0,18.0
Solgaleo,Incineroar,41.476,4.0,59.0
Vileplume,Togekiss,41.45,,1.0
Wigglytuff,Azumarill,41.39,,0.0
Vikavolt,Porygon2,41.381,0.0,9.0
Meowstic Male,Amoonguss,41.294,0.0,18.0
Sharpedo,Porygon2,41.289,,9.0
Darmanitan Galarian Standard Mode,Calyrex Shadow Rider,41.273,0.0,22.0
Comfey,Incineroar,41.267,1.0,59.0
Articuno,Amoonguss,41.251,0.0,18.0
Calyrex Shadow Rider,Regieleki,41.234,22.0,29.0
Araquanid,Lunala,41.225,1.0,2.0
Raikou,Incineroar,41.224,0.0,59.0
Volcarona,Rillaboom,41.223,0.0,27.0
Galarian Articuno,Eternatus,41.156,0.0,1.0
Lapras,Regieleki,41.148,1.0,29.0
Obstagoon,Ho-oh,41.131,0.0,1.0
Obstagoon,Sableye,41.12,0.0,2.0
Mime Galarian Mr. Mime,Landorus Therian Forme,41.071,0.0,20.0
Meowstic Male,Kyogre,41.02,0.0,35.0
Thundurus Therian Forme,Indeedee Female,40.965,0.0,18.0
Silvally,Incineroar,40.953,0.0,59.0
Ludicolo,Thundurus Incarnate Forme,40.935,0.0,21.0
Wigglytuff,Goodra,40.875,,0.0
Indeedee Male,Dialga,40.852,1.0,4.0
Vileplume,Rhyperior,40.836,,0.0
Latias,Zacian Crowned Sword,40.801,0.0,65.0
White Kyurem,Indeedee Female,40.784,2.0,18.0
Butterfree,Incineroar,40.783,0.0,59.0
Tornadus Incarnate Forme,Amoonguss,40.781,8.0,18.0
Sandslash,Espeon,40.716,,0.0
Entei,Thundurus Incarnate Forme,40.69,2.0,21.0
Umbreon,Groudon,40.685,1.0,23.0
Milotic,Calyrex Shadow Rider,40.623,0.0,22.0
Alolan Marowak,Amoonguss,40.533,0.0,18.0
Xurkitree,Calyrex Shadow Rider,40.525,0.0,22.0
Galarian Moltres,Incineroar,40.508,0.0,59.0
Mow Rotom,Escavalier,40.42,0.0,0.0
Wash Rotom,Landorus Therian Forme,40.363,0.0,20.0
Raichu,Tornadus Incarnate Forme,40.358,3.0,8.0
Magneton,Rillaboom,40.322,,27.0
Mudsdale,Incineroar,40.273,0.0,59.0
Inteleon,Shedinja,40.272,0.0,4.0
Darmanitan Galarian Standard Mode,Whimsicott,40.269,0.0,17.0
Darmanitan Galarian Standard Mode,Thundurus Incarnate Forme,40.268,0.0,21.0
Comfey,Zacian Crowned Sword,40.26,1.0,65.0
Drampa,Dusclops,40.243,0.0,4.0
Urshifu Single Strike Style,Regieleki,40.16,4.0,29.0
Sandaconda,Lapras,40.153,,1.0
Chansey,Incineroar,40.113,0.0,59.0
Tapu Fini,Groudon,40.072,2.0,23.0
Zekrom,Kyogre,39.912,0.0,35.0
Urshifu Rapid Strike Style,Calyrex Shadow Rider,39.911,2.0,22.0
Espeon,Groudon,39.871,0.0,23.0
Wigglytuff,Arcanine,39.835,,0.0
Shiinotic,Meowstic Male,39.786,,0.0
Wigglytuff,Weavile,39.78,,0.0
Dragalge,Togekiss,39.737,,1.0
Urshifu Rapid Strike Style,Rillaboom,39.735,2.0,27.0
Hitmonlee,Rillaboom,39.724,,27.0
Grimmsnarl,Groudon,39.662,30.0,23.0
Thundurus Therian Forme,Kartana,39.621,0.0,7.0
Zapdos,Rillaboom,39.572,8.0,27.0
Scizor,Thundurus Incarnate Forme,39.538,0.0,21.0
Espeon,Umbreon,39.473,0.0,1.0
Decidueye,Cinderace,39.463,,1.0
Clefairy,Landorus Therian Forme,39.459,0.0,20.0
Cobalion,Yveltal,39.447,0.0,11.0
Barraskewda,Indeedee Female,39.425,1.0,18.0
Leafeon,White Kyurem,39.412,0.0,2.0
Durant,Zacian Crowned Sword,39.367,0.0,65.0
Gengar,Kyogre,39.333,0.0,35.0
Drampa,Tapu Fini,39.323,0.0,2.0
Passimian,Azumarill,39.316,,0.0
Calyrex Shadow Rider,Incineroar,39.309,22.0,59.0
Espeon,Grapploct,39.299,0.0,
Espeon,Thundurus Incarnate Forme,39.299,0.0,21.0
Dusknoir,Rillaboom,39.289,,27.0
Mudsdale,Raichu,39.282,0.0,3.0
Volcarona,Calyrex Shadow Rider,39.275,0.0,22.0
Chansey,Indeedee Female,39.27,0.0,18.0
Leafeon,Torkoal,39.126,0.0,3.0
Accelgor,Eternatus,39.111,0.0,1.0
Runerigus,Liepard,39.074,,0.0
Pincurchin,Incineroar,39.074,0.0,59.0
Cofagrigus,Incineroar,39.071,,59.0
Chansey,Eternatus,39.057,0.0,1.0
Lunala,Charizard,39.053,2.0,19.0
Runerigus,Shuckle,39.035,,0.0
Runerigus,Chansey,39.03,,0.0
Porygon-Z,Whimsicott,39.024,0.0,17.0
Cresselia,Zacian Crowned Sword,39.014,0.0,65.0
Accelgor,Regigigas,39.005,0.0,1.0
Accelgor,Weezing,39.005,0.0,2.0
Kingler,Incineroar,38.982,0.0,59.0
Leafeon,Hitmontop,38.961,0.0,0.0
Mudsdale,Eternatus,38.923,0.0,1.0
Mudsdale,Kartana,38.921,0.0,7.0
Espeon,Garchomp,38.908,0.0,0.0
Boltund,Grimmsnarl,38.906,0.0,30.0
Sirfetch'd,Gyarados,38.874,,0.0
Leafeon,Wash Rotom,38.824,0.0,0.0
Magneton,Tyranitar,38.813,,0.0
Dedenne,Excadrill,38.797,,0.0
Entei,Palkia,38.769,2.0,9.0
Boltund,Eternatus,38.761,0.0,1.0
Lunala,Regieleki,38.76,2.0,29.0
Boltund,Rillaboom,38.753,0.0,27.0
Whimsicott,Indeedee Female,38.753,17.0,18.0
Pikachu,Groudon,38.735,0.0,23.0
Braviary,Incineroar,38.734,,59.0
Blaziken,Kyogre,38.729,0.0,35.0
Goodra,Gastrodon,38.686,0.0,20.0
Pikachu,Gastrodon,38.665,0.0,20.0
Pikachu,Pheromosa,38.623,0.0,1.0
Pikachu,Celesteela,38.623,0.0,1.0
Marowak,Indeedee Female,38.584,,18.0
Beheeyem,Dragapult,38.576,,1.0
Hawlucha,Incineroar,38.559,0.0,59.0
Togekiss,Calyrex Ice Rider,38.495,1.0,11.0
Meowstic Male,Heat Rotom,38.469,0.0,1.0
Hatterene,Palkia,38.434,0.0,9.0
Malamar,Rillaboom,38.37,,27.0
Gardevoir,Urshifu Single Strike Style,38.357,,4.0
Blastoise,Regieleki,38.35,7.0,29.0
Dracozolt,Klinklang,38.349,0.0,0.0
Stoutland,Rillaboom,38.342,,27.0
Politoed,Rillaboom,38.336,0.0,27.0
Bisharp,Zacian Crowned Sword,38.218,0.0,65.0
Venusaur,Zacian Crowned Sword,38.214,7.0,65.0
Barraskewda,Kartana,38.175,1.0,7.0
Falinks,Indeedee Female,38.172,,18.0
Salazzle,Duraludon,38.134,,0.0
Terrakion,Calyrex Shadow Rider,38.115,0.0,22.0
Crobat,Rillaboom,38.114,0.0,27.0
Dragonite,Kyogre,38.102,0.0,35.0
Kommo-o,Incineroar,38.081,0.0,59.0
Cofagrigus,Zoroark,38.077,,
Crobat,Sableye,38.044,0.0,2.0
Politoed,Incineroar,38.013,0.0,59.0
Whimsicott,Calyrex Shadow Rider,38.013,17.0,22.0
Sylveon,Whimsicott,37.984,,17.0
Politoed,Barraskewda,37.941,0.0,1.0
Landorus Therian Forme,Incineroar,37.907,20.0,59.0
Whimsicott,Regieleki,37.898,17.0,29.0
Kartana,Incineroar,37.885,7.0,59.0
Dusk Mane Necrozma,Kyogre,37.885,0.0,35.0
Oranguru,Kyogre,37.864,0.0,35.0
Slurpuff,Rillaboom,37.859,,27.0
Lugia,Grimmsnarl,37.848,0.0,30.0
Centiskorch,Groudon,37.774,0.0,23.0
Kyogre,Incineroar,37.766,35.0,59.0
Raichu,Incineroar,37.691,3.0,59.0
Cradily,Lapras,37.645,0.0,1.0
Excadrill,Yveltal,37.623,0.0,11.0
Thundurus Incarnate Forme,Calyrex Shadow Rider,37.556,21.0,22.0
Copperajah,Dusclops,37.538,,4.0
Emolga,Arcanine,37.506,,0.0
Durant,Indeedee Female,37.469,0.0,18.0
Galarian Corsola,Whimsicott,37.466,,17.0
Thundurus Therian Forme,Whimsicott,37.462,0.0,17.0
Glaceon,Groudon,37.459,0.0,23.0
Emolga,Cinderace,37.451,,1.0
Glaceon,Palkia,37.45,0.0,9.0
Umbreon,Whimsicott,37.438,1.0,17.0
Gothitelle,Ferrothorn,37.437,2.0,5.0
Weezing,Regigigas,37.434,2.0,1.0
Tapu Koko,Groudon,37.428,0.0,23.0
Zekrom,Grimmsnarl,37.419,0.0,30.0
Snorlax,Incineroar,37.412,0.0,59.0
Emolga,Urshifu Single Strike Style,37.403,,4.0
Polteageist,Togekiss,37.393,,1.0
Oranguru,Dialga,37.374,0.0,4.0
Sylveon,Incineroar,37.362,,59.0
Raikou,Whimsicott,37.316,0.0,17.0
Centiskorch,Yveltal,37.259,0.0,11.0
Spectrier,Gastrodon,37.251,1.0,20.0
Darmanitan Standard Mode,Ferrothorn,37.244,0.0,5.0
Inteleon,Zapdos,37.238,0.0,8.0
Darmanitan Standard Mode,Palkia,37.231,0.0,9.0
Darmanitan Standard Mode,Garbodor,37.231,0.0,0.0
Darmanitan Standard Mode,Calyrex Shadow Rider,37.231,0.0,22.0
Sharpedo,Amoonguss,37.21,,18.0
Vikavolt,Dusk Mane Necrozma,37.198,0.0,0.0
Emolga,Primarina,37.197,,0.0
Liepard,Dialga,37.175,0.0,4.0
Sharpedo,Alolan Marowak,37.153,,0.0
Spectrier,Groudon,37.132,1.0,23.0
Spectrier,Charizard,37.121,1.0,19.0
Starmie,Incineroar,37.114,,59.0
Tapu Koko,Gastrodon,37.071,0.0,20.0
Grapploct,Gothitelle,37.046,,2.0
Grapploct,Sandaconda,37.016,,
Espeon,Palkia,36.977,0.0,9.0
Grapploct,Gengar,36.953,,0.0
Corviknight,Alolan Ninetales,36.95,0.0,0.0
Corviknight,Haxorus,36.944,0.0,
Corviknight,Aegislash Shield Forme,36.944,0.0,0.0
Alolan Sandslash,Incineroar,36.944,,59.0
Stakataka,Calyrex Ice Rider,36.916,0.0,11.0
Dragalge,Indeedee Female,36.895,,18.0
Cursola,Indeedee Female,36.847,,18.0
Grapploct,Centiskorch,36.835,,0.0
Silvally,Regieleki,36.82,0.0,29.0
Urshifu Rapid Strike Style,Regieleki,36.819,2.0,29.0
Zoroark,Amoonguss,36.796,,18.0
Lickilicky,Togekiss,36.766,,1.0
Malamar,Charizard,36.755,,19.0
Indeedee Female,Whimsicott,36.74,18.0,17.0
Magneton,Togekiss,36.709,,1.0
Mudsdale,Grimmsnarl,36.666,0.0,30.0
Galarian Articuno,Dialga,36.643,0.0,4.0
Togekiss,Dialga,36.613,1.0,4.0
Claydol,Noctowl,36.602,,
Lunala,Amoonguss,36.602,2.0,18.0
Scolipede,Arcanine,36.566,,0.0
Appletun,Zacian Crowned Sword,36.547,0.0,65.0
Pikachu,Reshiram,36.528,0.0,1.0
Aegislash Shield Forme,Incineroar,36.502,0.0,59.0
Chansey,Dialga,36.501,0.0,4.0
Jellicent,Incineroar,36.478,0.0,59.0
Porygon-Z,Incineroar,36.46,0.0,59.0
Klefki,Charizard,36.443,0.0,19.0
Calyrex Shadow Rider,Rillaboom,36.442,22.0,27.0
Alolan Marowak,Indeedee Female,36.441,0.0,18.0
Silvally,Torkoal,36.428,0.0,3.0
Tyranitar,Zacian Crowned Sword,36.372,0.0,65.0
Weezing,Calyrex Shadow Rider,36.336,2.0,22.0
Spectrier,Solgaleo,36.327,1.0,4.0
Silvally,Calyrex Ice Rider,36.306,0.0,11.0
Froslass,Zacian Crowned Sword,36.304,0.0,65.0
Glaceon,Umbreon,36.281,0.0,1.0
Drampa,Palkia,36.255,0.0,9.0
Butterfree,Rillaboom,36.231,0.0,27.0
Vikavolt,Groudon,36.211,0.0,23.0
Calyrex Ice Rider,Regieleki,36.174,11.0,29.0
Golisopod,Galarian Weezing,36.122,,0.0
Vileplume,Silvally,36.101,,0.0
Grimmsnarl,Charizard,36.087,30.0,19.0
Thundurus Therian Forme,Incineroar,36.068,0.0,59.0
Solgaleo,Grimmsnarl,36.029,4.0,30.0
Froslass,Calyrex Shadow Rider,36.029,0.0,22.0
Dhelmise,Kingdra,36.024,,3.0
Terrakion,Groudon,35.985,0.0,23.0
Pheromosa,Kyogre,35.977,1.0,35.0
Shiinotic,Incineroar,35.976,,59.0
Alolan Marowak,Calyrex Ice Rider,35.976,0.0,11.0
Snorlax,Zacian Crowned Sword,35.93,0.0,65.0
Togekiss,Regieleki,35.897,1.0,29.0
Jellicent,Zacian Crowned Sword,35.825,0.0,65.0
Amoonguss,Regieleki,35.762,18.0,29.0
Scolipede,Porygon2,35.711,,9.0
Jolteon,Incineroar,35.684,,59.0
Escavalier,Amoonguss,35.613,0.0,18.0
Galarian Moltres,Regieleki,35.612,0.0,29.0
Magneton,Urshifu Rapid Strike Style,35.596,,2.0
Gallade,Comfey,35.59,,1.0
Aegislash Shield Forme,Indeedee Female,35.57,0.0,18.0
Froslass,Zapdos,35.551,0.0,8.0
Froslass,Dialga,35.551,0.0,4.0
Magneton,Dragapult,35.537,,1.0
Magneton,Coalossal,35.536,,1.0
Malamar,Clefairy,35.529,,0.0
Lopunny,Milotic,35.516,,0.0
Lycanroc Dusk Form,Venusaur,35.501,,7.0
Exploud,Riolu,35.432,,0.0
Mow Rotom,Kyogre,35.422,0.0,35.0
Dragalge,Dusclops,35.4,,4.0
Froslass,Regieleki,35.394,0.0,29.0
Calyrex Shadow Rider,Thundurus Incarnate Forme,35.361,22.0,21.0
Salamence,Ferrothorn,35.327,0.0,5.0
Metagross,Incineroar,35.312,1.0,59.0
Nihilego,Grimmsnarl,35.287,0.0,30.0
Shiinotic,Cinderace,35.203,,1.0
Beheeyem,Corviknight,35.164,,0.0
Beheeyem,Cinderace,35.158,,1.0
Beheeyem,Darmanitan Galarian Standard Mode,35.157,,0.0
Vikavolt,Volcarona,35.146,0.0,0.0
Escavalier,Palkia,35.143,0.0,9.0
Zoroark,Hatterene,35.102,,0.0
Hippowdon,Rillaboom,35.095,,27.0
Vikavolt,Reshiram,35.085,0.0,1.0
Stoutland,Incineroar,35.083,,59.0
Dragapult,Kyogre,35.079,1.0,35.0
Regigigas,Regieleki,35.065,1.0,29.0
Stakataka,Indeedee Female,35.053,0.0,18.0
Urshifu Single Strike Style,Zacian Crowned Sword,35.025,4.0,65.0
Togekiss,Rillaboom,34.99,1.0,27.0
Ribombee,Snorlax,34.984,,0.0
Black Kyurem,Kyogre,34.978,0.0,35.0
Alolan Exeggutor,Zapdos,34.953,0.0,8.0
Heracross,Togekiss,34.946,,1.0
Aromatisse,Gigalith,34.89,,0.0
Porygon2,Kyogre,34.875,9.0,35.0
Vikavolt,White Kyurem,34.871,0.0,2.0
Roserade,Conkeldurr,34.823,,0.0
Ditto,Calyrex Shadow Rider,34.781,5.0,22.0
Scolipede,Exeggutor,34.761,,0.0
Scolipede,Azumarill,34.733,,0.0
Tapu Koko,Venusaur,34.727,0.0,7.0
Scyther,Whimsicott,34.717,,17.0
Gyarados,Rillaboom,34.633,0.0,27.0
Emolga,Tyranitar,34.548,,0.0
Malamar,Indeedee Female,34.532,,18.0
Clawitzer,Porygon2,34.482,,9.0
Landorus Therian Forme,Regieleki,34.477,20.0,29.0
Pincurchin,Amoonguss,34.459,0.0,18.0
Rillaboom,Grimmsnarl,34.45,27.0,30.0
Dhelmise,Porygon2,34.424,,9.0
Froslass,Landorus Therian Forme,34.365,0.0,20.0
Milotic,Zacian Crowned Sword,34.365,0.0,65.0
Maractus,Excadrill,34.36,,0.0
Lycanroc Dusk Form,Torkoal,34.196,,3.0
Escavalier,Calyrex Ice Rider,34.175,0.0,11.0
Alolan Ninetales,Incineroar,34.15,0.0,59.0
Stakataka,Palkia,34.144,0.0,9.0
Liepard,Palkia,34.073,0.0,9.0
Shiinotic,Duraludon,34.072,,0.0
Entei,Gothitelle,34.043,2.0,2.0
Hydreigon,Regieleki,34.018,0.0,29.0
Hydreigon,Indeedee Female,33.99,0.0,18.0
Pincurchin,Liepard,33.918,0.0,0.0
Mimikyu,Amoonguss,33.916,2.0,18.0
Diggersby,Eternatus,33.87,0.0,1.0
Diggersby,Boltund,33.87,0.0,0.0
Perrserker,Indeedee Female,33.843,,18.0
Gardevoir,Tauros,33.829,,0.0
Beheeyem,Inteleon,33.822,,0.0
Galarian Articuno,Urshifu Rapid Strike Style,33.814,0.0,2.0
Pheromosa,Whimsicott,33.808,1.0,17.0
Amoonguss,Palkia,33.807,18.0,9.0
Beheeyem,Oranguru,33.753,,0.0
Goodra,Groudon,33.714,0.0,23.0
Mandibuzz,Rillaboom,33.684,0.0,27.0
Clefairy,Palkia,33.672,0.0,9.0
Dhelmise,Politoed,33.637,,0.0
Dedenne,Tsareena,33.621,,0.0
Shiinotic,Sylveon,33.615,,
Mienshao,Indeedee Female,33.597,0.0,18.0
Conkeldurr,Yveltal,33.596,0.0,11.0
Ludicolo,Zacian Crowned Sword,33.582,0.0,65.0
Xerneas,Rillaboom,33.574,4.0,27.0
Escavalier,Dusclops,33.559,0.0,4.0
Gyarados,Porygon2,33.547,0.0,9.0
Mimikyu,Regieleki,33.519,2.0,29.0
Nihilego,Lugia,33.509,0.0,0.0
Bouffalant,Excadrill,33.506,,0.0
Cresselia,Groudon,33.496,0.0,23.0
Dhelmise,Indeedee Female,33.493,,18.0
Palkia,Regieleki,33.459,9.0,29.0
Cherrim,Regieleki,33.458,0.0,29.0
Gourgeist Super Size,Excadrill,33.428,,0.0
Tapu Lele,Whimsicott,33.412,2.0,17.0
Pheromosa,Calyrex Ice Rider,33.344,1.0,11.0
Dedenne,Hitmontop,33.337,,0.0
Ninjask,Milotic,33.329,,0.0
Zoroark,Chandelure,33.207,,0.0
Pheromosa,Tapu Lele,33.205,1.0,2.0
Centiskorch,Thundurus Incarnate Forme,33.187,0.0,21.0
Mudsdale,Slowking,33.184,0.0,0.0
Pincurchin,Clefable,33.153,0.0,0.0
Shiinotic,Grimmsnarl,33.108,,30.0
Ditto,Grimmsnarl,33.104,5.0,30.0
Salazzle,Togekiss,33.052,,1.0
Eternatus,Rillaboom,33.037,1.0,27.0
Ninjask,Primarina,33.028,,0.0
Emolga,Togekiss,33.013,,1.0
Hydreigon,Kyogre,32.987,0.0,35.0
Zygarde Complete Forme,Thundurus Incarnate Forme,32.982,1.0,21.0
Appletun,Kyogre,32.975,0.0,35.0
Drapion,Togekiss,32.963,,1.0
Liepard,Zacian Crowned Sword,32.945,0.0,65.0
Galarian Articuno,Kyogre,32.941,0.0,35.0
Bisharp,Rillaboom,32.908,0.0,27.0
Zoroark,Gyarados,32.903,,0.0
Ninjask,Accelgor,32.884,,0.0
Cinderace,Regieleki,32.88,1.0,29.0
Ninetales,Charizard,32.866,,19.0
Golduck,Hitmontop,32.849,,0.0
Weezing,Whimsicott,32.84,2.0,17.0
Urshifu Rapid Strike Style,Coalossal,32.791,2.0,1.0
Mamoswine,Incineroar,32.785,1.0,59.0
Exploud,Urshifu Single Strike Style,32.772,,4.0
Pheromosa,Yveltal,32.763,1.0,11.0
Jellicent,Calyrex Ice Rider,32.747,0.0,11.0
Clefairy,Incineroar,32.716,0.0,59.0
Hawlucha,Thundurus Incarnate Forme,32.682,0.0,21.0
Gardevoir,Incineroar,32.678,,59.0
Oranguru,Snorlax,32.655,0.0,0.0
Porygon-Z,Calyrex Ice Rider,32.647,0.0,11.0
Porygon-Z,Mimikyu,32.646,0.0,2.0
Oranguru,Araquanid,32.615,0.0,1.0
Latias,Groudon,32.569,0.0,23.0
Suicune,Thundurus Incarnate Forme,32.563,0.0,21.0
Torkoal,Incineroar,32.554,3.0,59.0
Latias,Venusaur,32.525,0.0,7.0
Tsareena,Calyrex Shadow Rider,32.507,0.0,22.0
Clefairy,Rillaboom,32.496,0.0,27.0
Corviknight,Cinderace,32.433,0.0,1.0
Umbreon,Charizard,32.414,1.0,19.0
Excadrill,Whimsicott,32.404,0.0,17.0
Talonflame,Rillaboom,32.389,0.0,27.0
Porygon-Z,Togekiss,32.369,0.0,1.0
Golduck,Snorlax,32.35,,0.0
Emolga,Excadrill,32.32,,0.0
Escavalier,Yveltal,32.32,0.0,11.0
Kingdra,Porygon2,32.271,3.0,9.0
Blacephalon,Regieleki,32.27,0.0,29.0
Perrserker,Porygon2,32.215,,9.0
Darmanitan Galarian Standard Mode,Groudon,32.215,0.0,23.0
Maractus,Tyranitar,32.212,,0.0
Mienshao,Araquanid,32.192,0.0,1.0
Tapu Bulu,Eternatus,32.175,0.0,1.0
Appletun,Gastrodon,32.173,0.0,20.0
Blastoise,Thundurus Incarnate Forme,32.156,7.0,21.0
Cradily,Dracovish,32.116,0.0,0.0
Dragonite,Indeedee Female,32.076,0.0,18.0
Sandaconda,Incineroar,32.065,,59.0
Salazzle,Cobalion,32.02,,0.0
Gallade,Chandelure,32.016,,0.0
Rayquaza,Urshifu Rapid Strike Style,31.994,1.0,2.0
Celesteela,Whimsicott,31.957,1.0,17.0
Cherrim,Incineroar,31.952,0.0,59.0
Volcarona,Regieleki,31.951,0.0,29.0
Copperajah,Indeedee Female,31.95,,18.0
Appletun,Incineroar,31.925,0.0,59.0
Conkeldurr,Solgaleo,31.92,0.0,4.0
Lycanroc Dusk Form,Incineroar,31.914,,59.0
Golduck,Ribombee,31.833,,
Araquanid,Calyrex Shadow Rider,31.833,1.0,22.0
Golduck,Crustle,31.832,,
Kartana,Amoonguss,31.812,7.0,18.0
Indeedee Male,Urshifu Rapid Strike Style,31.796,1.0,2.0
Pincurchin,Whimsicott,31.778,0.0,17.0
Decidueye,Primarina,31.748,,0.0
Lilligant,Dusclops,31.726,,4.0
Magneton,Volcarona,31.72,,0.0
Lycanroc Midday Form,Togekiss,31.716,,1.0
Regieleki,Calyrex Shadow Rider,31.704,29.0,22.0
Darmanitan Galarian Standard Mode,Grimmsnarl,31.699,0.0,30.0
White Kyurem,Regieleki,31.675,2.0,29.0
Ribombee,Indeedee Female,31.63,,18.0
Ferrothorn,Incineroar,31.626,5.0,59.0
Centiskorch,Zamazenta Crowned Shield,31.582,0.0,0.0
Abomasnow,Kyogre,31.543,0.0,35.0
Abomasnow,Beartic,31.523,0.0,
Sableye,Landorus Therian Forme,31.514,2.0,20.0
Chansey,Rillaboom,31.47,0.0,27.0
Zacian Crowned Sword,Kyogre,31.467,65.0,35.0
Poliwrath,Amoonguss,31.464,,18.0
Abomasnow,Raichu,31.455,0.0,3.0
Abomasnow,Talonflame,31.455,0.0,0.0
Rhyperior,Zacian Crowned Sword,31.429,0.0,65.0
Raichu,Yveltal,31.425,3.0,11.0
Snorlax,Kyogre,31.403,0.0,35.0
Shuckle,Palkia,31.375,0.0,9.0
Dragonite,Zacian Crowned Sword,31.361,0.0,65.0
Blaziken,Comfey,31.337,0.0,1.0
Amoonguss,Calyrex Ice Rider,31.334,18.0,11.0
Hawlucha,Xerneas,31.331,0.0,4.0
Pincurchin,White Kyurem,31.307,0.0,2.0
Crawdaunt,Corviknight,31.3,,0.0
Raichu,Amoonguss,31.299,3.0,18.0
Gallade,Heat Rotom,31.274,,1.0
Rillaboom,Calyrex Shadow Rider,31.258,27.0,22.0
Gallade,Urshifu Rapid Strike Style,31.253,,2.0
Rillaboom,Kyogre,31.216,27.0,35.0
Scrafty,Whimsicott,31.216,0.0,17.0
Zoroark,Snorlax,31.213,,0.0
Orbeetle,Dracozolt,31.189,,0.0
Darmanitan Galarian Standard Mode,Kyogre,31.186,0.0,35.0
Scrafty,Groudon,31.186,0.0,23.0
Starmie,Porygon-Z,31.162,,0.0
Zacian Crowned Sword,Grimmsnarl,31.148,65.0,30.0
Ditto,Rillaboom,31.14,5.0,27.0
Appletun,Thundurus Incarnate Forme,31.116,0.0,21.0
Alolan Ninetales,Calyrex Shadow Rider,31.106,0.0,22.0
Crawdaunt,Hatterene,31.067,,0.0
Decidueye,Indeedee Male,31.025,,1.0
Galarian Corsola,Torkoal,31.024,,3.0
Starmie,Indeedee Male,31.021,,1.0
Clawitzer,Alolan Marowak,31.007,,0.0
Seismitoad,Zapdos,30.989,1.0,8.0
Conkeldurr,Landorus Therian Forme,30.957,0.0,20.0
Terrakion,Rillaboom,30.956,0.0,27.0
Alolan Ninetales,Zacian Crowned Sword,30.92,0.0,65.0
Alolan Marowak,Yveltal,30.913,0.0,11.0
Gallade,Scolipede,30.845,,
Amoonguss,Kyogre,30.845,18.0,35.0
Butterfree,Kyogre,30.843,0.0,35.0
Rayquaza,Coalossal,30.836,1.0,1.0
Celesteela,Calyrex Shadow Rider,30.822,1.0,22.0
Darmanitan Galarian Standard Mode,Ferrothorn,30.785,0.0,5.0
Latias,Amoonguss,30.773,0.0,18.0
Dialga,Rillaboom,30.748,4.0,27.0
Metagross,Grimmsnarl,30.746,1.0,30.0
Grimmsnarl,Gastrodon,30.726,30.0,20.0
Crawdaunt,Galarian Slowbro,30.719,,
Hitmonlee,Comfey,30.709,,1.0
Poliwrath,Arcanine,30.699,,0.0
Entei,Kyogre,30.652,2.0,35.0
Tornadus Incarnate Forme,Incineroar,30.613,8.0,59.0
Sandaconda,Comfey,30.489,,1.0
Grimmsnarl,Rillaboom,30.482,30.0,27.0
Milotic,Glastrier,30.424,0.0,0.0
Duraludon,Calyrex Shadow Rider,30.422,0.0,22.0
Indeedee Female,Regieleki,30.412,18.0,29.0
Giratina Altered Forme,Talonflame,30.412,0.0,0.0
Eternatus,Grimmsnarl,30.4,1.0,30.0
Umbreon,Lunala,30.375,1.0,2.0
Starmie,Indeedee Female,30.362,,18.0
Scrafty,Mewtwo,30.334,0.0,0.0
Scrafty,Tapu Lele,30.329,0.0,2.0
Hippowdon,Incineroar,30.306,,59.0
Giratina Altered Forme,Incineroar,30.296,0.0,59.0
Drapion,Talonflame,30.269,,0.0
Ditto,Indeedee Female,30.206,5.0,18.0
Mandibuzz,Dusk Mane Necrozma,30.2,0.0,0.0
Toxtricity Low Key Form,Whimsicott,30.176,,17.0
Entei,Ferrothorn,30.174,2.0,5.0
Torkoal,Calyrex Ice Rider,30.138,3.0,11.0
Goodra,Cradily,30.103,0.0,0.0
Appletun,Zamazenta Crowned Shield,30.082,0.0,0.0
Alolan Marowak,Kyogre,30.067,0.0,35.0
Celesteela,Gastrodon,30.066,1.0,20.0
Xurkitree,Whimsicott,30.057,0.0,17.0
Alolan Exeggutor,Incineroar,30.03,0.0,59.0
Gothitelle,Kyogre,30.024,2.0,35.0
Cobalion,Landorus Therian Forme,30.022,0.0,20.0
Escavalier,Rillaboom,29.986,0.0,27.0
Appletun,Darmanitan Standard Mode,29.984,0.0,0.0
Goodra,Incineroar,29.962,0.0,59.0
Gyarados,Thundurus Incarnate Forme,29.93,0.0,21.0
Comfey,Kyogre,29.929,1.0,35.0
White Kyurem,Incineroar,29.881,2.0,59.0
Poliwrath,Indeedee Female,29.858,,18.0
Galarian Zapdos,Metagross,29.856,0.0,1.0
Heatran,Amoonguss,29.837,0.0,18.0
Zygarde Complete Forme,Grimmsnarl,29.822,1.0,30.0
Togekiss,Calyrex Shadow Rider,29.813,1.0,22.0
Tapu Fini,Porygon2,29.802,2.0,9.0
Araquanid,Zapdos,29.788,1.0,8.0
Zoroark,Togekiss,29.778,,1.0
Centiskorch,Mr. Rime,29.765,0.0,0.0
Heat Rotom,Grimmsnarl,29.702,1.0,30.0
Centiskorch,Zapdos,29.685,0.0,8.0
Poliwrath,Corviknight,29.671,,0.0
Talonflame,Urshifu Single Strike Style,29.654,0.0,4.0
Araquanid,Mienshao,29.633,1.0,0.0
Kingdra,Landorus Therian Forme,29.61,3.0,20.0
Solgaleo,Rillaboom,29.591,4.0,27.0
Toxtricity Low Key Form,Togekiss,29.582,,1.0
Stakataka,Rillaboom,29.514,0.0,27.0
Cherrim,Zacian Crowned Sword,29.513,0.0,65.0
Clawitzer,Hatterene,29.503,,0.0
Zygarde Complete Forme,Tapu Fini,29.493,1.0,2.0
Weezing,Thundurus Incarnate Forme,29.444,2.0,21.0
Gastrodon,Thundurus Incarnate Forme,29.417,20.0,21.0
Blaziken,Landorus Therian Forme,29.415,0.0,20.0
Excadrill,Tyranitar,29.393,0.0,0.0
Lycanroc Dusk Form,Dragapult,29.382,,1.0
Beartic,Togekiss,29.373,,1.0
Eiscue Ice Face,Sneasel,29.349,,0.0
Duraludon,Regieleki,29.326,0.0,29.0
Golduck,Cinderace,29.303,,1.0
Lycanroc Midday Form,Hippowdon,29.295,,
Sharpedo,Palossand,29.287,,0.0
Sharpedo,Accelgor,29.286,,0.0
Zekrom,Regieleki,29.285,0.0,29.0
Tentacruel,Incineroar,29.271,,59.0
Palkia,Zacian Crowned Sword,29.264,9.0,65.0
Galarian Slowbro,Gyarados,29.231,,0.0
Marowak,Comfey,29.231,,1.0
Crobat,Calyrex Shadow Rider,29.19,0.0,22.0
Heatran,Tornadus Incarnate Forme,29.131,0.0,8.0
Zacian Crowned Sword,Rillaboom,29.083,65.0,27.0
Lilligant,Togekiss,29.059,,1.0
Barraskewda,Calyrex Shadow Rider,29.039,1.0,22.0
Shuckle,Ho-oh,29.007,0.0,1.0
Volcarona,Kyogre,28.964,0.0,35.0
Lapras,Yveltal,28.964,1.0,11.0
Sandslash,Clefable,28.962,,0.0
Kyogre,Indeedee Female,28.961,35.0,18.0
Porygon2,Calyrex Ice Rider,28.951,9.0,11.0
Tentacruel,Togekiss,28.949,,1.0
Tapu Fini,Calyrex Ice Rider,28.936,2.0,11.0
Golduck,Duraludon,28.909,,0.0
Excadrill,Blastoise,28.9,0.0,7.0
Klefki,Eternatus,28.855,0.0,1.0
Froslass,Palkia,28.852,0.0,9.0
Polteageist,Incineroar,28.852,,59.0
Roserade,Incineroar,28.813,,59.0
Lapras,Amoonguss,28.807,1.0,18.0
Calyrex Shadow Rider,Whimsicott,28.769,22.0,17.0
Meowstic Male,Incineroar,28.737,0.0,59.0
Thundurus Incarnate Forme,Rillaboom,28.737,21.0,27.0
Tornadus Incarnate Forme,Landorus Therian Forme,28.733,8.0,20.0
Incineroar,Grimmsnarl,28.706,59.0,30.0
Gourgeist Small Size,Urshifu Single Strike Style,28.623,,4.0
Gyarados,Reshiram,28.612,0.0,1.0
Golduck,Indeedee Female,28.581,,18.0
Hitmonlee,Indeedee Male,28.575,,1.0
Polteageist,Gardevoir,28.568,,
Malamar,Terrakion,28.565,,0.0
Marowak,Cinderace,28.558,,1.0
Toxtricity Low Key Form,Dracovish,28.539,,0.0
Latias,White Kyurem,28.529,0.0,2.0
Togekiss,Grimmsnarl,28.513,1.0,30.0
Cursola,Politoed,28.511,,0.0
Cherrim,Grimmsnarl,28.457,0.0,30.0
Kingler,Indeedee Female,28.449,0.0,18.0
Marowak,Talonflame,28.445,,0.0
Braviary,Indeedee Female,28.404,,18.0
Beartic,Indeedee Female,28.38,,18.0
Shuckle,Azumarill,28.373,0.0,0.0
Conkeldurr,Rillaboom,28.369,0.0,27.0
Crobat,Kyogre,28.369,0.0,35.0
Dracovish,Kartana,28.366,0.0,7.0
Polteageist,Dracovish,28.35,,0.0
Tapu Fini,Thundurus Incarnate Forme,28.329,2.0,21.0
Galarian Zapdos,Tapu Fini,28.27,0.0,2.0
Starmie,Cinderace,28.219,,1.0
Kommo-o,Amoonguss,28.209,0.0,18.0
Butterfree,Whimsicott,28.2,0.0,17.0
Blaziken,Tornadus Incarnate Forme,28.181,0.0,8.0
Blaziken,Solgaleo,28.172,0.0,4.0
Ditto,Whimsicott,28.139,5.0,17.0
Orbeetle,Milotic,28.12,,0.0
Mamoswine,Rillaboom,28.115,1.0,27.0
Clefairy,Whimsicott,28.068,0.0,17.0
Slowking,Grimmsnarl,28.057,0.0,30.0
Klefki,Glastrier,27.999,0.0,0.0
Magnezone,Dragapult,27.983,,1.0
Decidueye,Tyranitar,27.979,,0.0
Hippowdon,Heat Rotom,27.962,,1.0
Arcanine,Rillaboom,27.962,0.0,27.0
Polteageist,Duraludon,27.951,,0.0
Indeedee Male,Kyogre,27.95,1.0,35.0
Blastoise,Grimmsnarl,27.933,7.0,30.0
Virizion,Indeedee Female,27.907,,18.0
Roserade,Durant,27.891,,0.0
Kommo-o,Xerneas,27.876,0.0,4.0
Reshiram,Incineroar,27.85,1.0,59.0
Inteleon,Regieleki,27.838,0.0,29.0
Incineroar,Rillaboom,27.822,59.0,27.0
Morpeko Full Belly Mode,Milotic,27.818,,0.0
Sirfetch'd,Corviknight,27.805,,0.0
Sableye,Thundurus Incarnate Forme,27.787,2.0,21.0
Black Kyurem,Yveltal,27.779,0.0,11.0
Ho-oh,Zacian Crowned Sword,27.773,1.0,65.0
Maractus,Cinderace,27.746,,1.0
Vaporeon,Cinderace,27.69,,1.0
Marowak,Blastoise,27.652,,7.0
Lickilicky,Mimikyu,27.648,,2.0
Mr. Mime,Liepard,27.646,,0.0
Indeedee Female,Calyrex Shadow Rider,27.633,18.0,22.0
Regieleki,Kyogre,27.632,29.0,35.0
Mamoswine,Thundurus Incarnate Forme,27.615,1.0,21.0
Scyther,Gyarados,27.555,,0.0
Leafeon,Gastrodon,27.546,0.0,20.0
Lycanroc Midday Form,Incineroar,27.546,,59.0
Incineroar,Groudon,27.542,59.0,23.0
Blacephalon,Coalossal,27.514,0.0,1.0
Hawlucha,Indeedee Female,27.496,0.0,18.0
Galarian Zapdos,Zamazenta Crowned Shield,27.473,0.0,0.0
Alolan Ninetales,Groudon,27.46,0.0,23.0
Slowking,Kyogre,27.456,0.0,35.0
Goodra,Palkia,27.445,0.0,9.0
Roserade,Chandelure,27.431,,0.0
Lugia,Rillaboom,27.416,0.0,27.0
Noivern,Galarian Weezing,27.392,,0.0
Jolteon,Politoed,27.381,,0.0
Cobalion,Kingler,27.368,0.0,0.0
Passimian,Togekiss,27.354,,1.0
Pheromosa,Incineroar,27.288,1.0,59.0
Mandibuzz,Grimmsnarl,27.275,0.0,30.0
Thundurus Incarnate Forme,Gastrodon,27.273,21.0,20.0
Magnezone,Urshifu Rapid Strike Style,27.262,,2.0
Mewtwo,Indeedee Female,27.253,0.0,18.0
Salazzle,Tsareena,27.222,,0.0
Cresselia,Charizard,27.162,0.0,19.0
Decidueye,Togekiss,27.157,,1.0
Politoed,Heat Rotom,27.143,0.0,1.0
Sandaconda,Grapploct,27.105,,
Noivern,Lapras,27.087,,1.0
Yveltal,Gastrodon,27.077,11.0,20.0
Metagross,Groudon,27.04,1.0,23.0
Nihilego,Urshifu Rapid Strike Style,27.037,0.0,2.0
Galarian Zapdos,Zygarde Complete Forme,27.036,0.0,1.0
Politoed,Kartana,27.035,0.0,7.0
Tyranitar,Whimsicott,26.951,0.0,17.0
Cradily,Incineroar,26.876,0.0,59.0
Dragapult,Rillaboom,26.874,1.0,27.0
Claydol,Rillaboom,26.851,,27.0
Dragalge,Urshifu Rapid Strike Style,26.841,,2.0
Frost Rotom,Alolan Ninetales,26.834,,0.0
Noctowl,Rillaboom,26.808,,27.0
Galarian Corsola,Venusaur,26.788,,7.0
Drapion,Grimmsnarl,26.774,,30.0
Volcarona,Blastoise,26.752,0.0,7.0
Galarian Weezing,Zacian Crowned Sword,26.728,0.0,65.0
Aegislash Shield Forme,Calyrex Ice Rider,26.719,0.0,11.0
Tapu Koko,Amoonguss,26.699,0.0,18.0
Magnezone,Urshifu Single Strike Style,26.69,,4.0
Golisopod,Porygon2,26.678,,9.0
Drapion,Rillaboom,26.636,,27.0
Sirfetch'd,Cinderace,26.63,,1.0
Scyther,Excadrill,26.615,,0.0
Tsareena,Tornadus Incarnate Forme,26.598,0.0,8.0
Copperajah,Incineroar,26.588,,59.0
Venusaur,Torkoal,26.585,7.0,3.0
Cinderace,Zacian Crowned Sword,26.548,1.0,65.0
Tentacruel,Gyarados,26.465,,0.0
Spectrier,Kyogre,26.459,1.0,35.0
Duraludon,Dracovish,26.444,0.0,0.0
Drapion,Mimikyu,26.442,,2.0
Drapion,Ditto,26.379,,5.0
Noivern,Tyranitar,26.373,,0.0
Ditto,Kyogre,26.373,5.0,35.0
Articuno,Groudon,26.363,0.0,23.0
Gourgeist Small Size,Togekiss,26.286,,1.0
Polteageist,Milotic,26.28,,0.0
Heracross,Porygon-Z,26.269,,0.0
Heracross,Incineroar,26.234,,59.0
Venusaur,Grimmsnarl,26.212,7.0,30.0
Articuno,Venusaur,26.206,0.0,7.0
Urshifu Single Strike Style,Whimsicott,26.205,4.0,17.0
Heatran,Eternatus,26.184,0.0,1.0
Lycanroc Dusk Form,Cinderace,26.155,,1.0
Appletun,Weezing,26.145,0.0,2.0
Jolteon,Lapras,26.13,,1.0
Urshifu Single Strike Style,Calyrex Ice Rider,26.125,4.0,11.0
Cherrim,Reshiram,26.102,0.0,1.0
Snorlax,Whimsicott,26.071,0.0,17.0
Tapu Koko,Kyogre,26.058,0.0,35.0
Cresselia,Rillaboom,26.056,0.0,27.0
Maractus,Galarian Weezing,26.054,,0.0
Altaria,Zacian Crowned Sword,26.046,0.0,65.0
Galarian Zapdos,Zacian Crowned Sword,26.037,0.0,65.0
Sableye,Dialga,25.984,2.0,4.0
Scyther,Goodra,25.976,,0.0
Galarian Corsola,Oranguru,25.972,,0.0
Mamoswine,Venusaur,25.931,1.0,7.0
Mamoswine,Torkoal,25.931,1.0,3.0
Galarian Corsola,Terrakion,25.922,,0.0
Aegislash Shield Forme,Mimikyu,25.92,0.0,2.0
Reuniclus,Dragapult,25.914,,1.0
Slurpuff,Torkoal,25.889,,3.0
Ludicolo,Ferrothorn,25.848,0.0,5.0
Ferrothorn,Regieleki,25.844,5.0,29.0
Decidueye,Milotic,25.831,,0.0
Maractus,Charizard,25.813,,19.0
Sandaconda,Centiskorch,25.811,,0.0
Maractus,Mienshao,25.798,,0.0
Salazzle,Inteleon,25.789,,0.0
Sirfetch'd,Gastrodon,25.741,,20.0
Dusknoir,Indeedee Female,25.741,,18.0
Xurkitree,Galarian Zapdos,25.734,0.0,0.0
Xurkitree,Indeedee Female,25.728,0.0,18.0
Lycanroc Dusk Form,Wash Rotom,25.728,,0.0
Togekiss,Whimsicott,25.718,1.0,17.0
Goodra,Ludicolo,25.712,0.0,0.0
Drapion,Lapras,25.709,,1.0
Excadrill,Galarian Moltres,25.7,0.0,0.0
Dialga,Grimmsnarl,25.678,4.0,30.0
Shedinja,Porygon2,25.677,4.0,9.0
Galarian Weezing,Regigigas,25.66,0.0,1.0
Riolu,Incineroar,25.653,0.0,59.0
Alolan Sandslash,Rillaboom,25.652,,27.0
Coalossal,Rayquaza,25.633,1.0,1.0
Starmie,Gyarados,25.612,,0.0
Reshiram,Landorus Therian Forme,25.596,1.0,20.0
Pheromosa,Palkia,25.551,1.0,9.0
Exploud,Dusclops,25.54,,4.0
Sirfetch'd,Marowak,25.529,,
Cresselia,Incineroar,25.52,0.0,59.0
Urshifu Single Strike Style,Indeedee Female,25.473,4.0,18.0
Riolu,Groudon,25.417,0.0,23.0
Dragonite,Calyrex Ice Rider,25.376,0.0,11.0
Regigigas,Thundurus Incarnate Forme,25.374,1.0,21.0
Black Kyurem,Porygon2,25.36,0.0,9.0
Jellicent,Kyogre,25.31,0.0,35.0
Porygon2,Amoonguss,25.303,9.0,18.0
Kyogre,Whimsicott,25.29,35.0,17.0
Cinccino,Incineroar,25.228,0.0,59.0
Ferrothorn,Grimmsnarl,25.194,5.0,30.0
Salamence,Venusaur,25.191,0.0,7.0
Bouffalant,Comfey,25.175,,1.0
Lopunny,Rillaboom,25.161,,27.0
Stakataka,Incineroar,25.142,0.0,59.0
Dragonite,Whimsicott,25.113,0.0,17.0
Braviary,Hatterene,25.079,,0.0
Black Kyurem,Araquanid,25.076,0.0,1.0
Reuniclus,Togekiss,25.061,,1.0
Volcarona,Regigigas,25.039,0.0,1.0
Tentacruel,Dusclops,25.014,,4.0
Landorus Therian Forme,Rillaboom,24.992,20.0,27.0
Leafeon,Raichu,24.98,0.0,3.0
Blacephalon,Whimsicott,24.973,0.0,17.0
Mow Rotom,Dusclops,24.97,0.0,4.0
Drapion,Porygon2,24.963,,9.0
Cherrim,Tapu Fini,24.962,0.0,2.0
Perrserker,Rhyperior,24.955,,0.0
Volcarona,Solgaleo,24.938,0.0,4.0
Cinccino,Grimmsnarl,24.932,0.0,30.0
Eternatus,Solgaleo,24.922,1.0,4.0
Terrakion,Solgaleo,24.914,0.0,4.0
Stonjourner,Calyrex Shadow Rider,24.912,0.0,22.0
Mr. Mime,Amoonguss,24.907,,18.0
Tapu Fini,Charizard,24.874,2.0,19.0
Shedinja,Landorus Therian Forme,24.825,4.0,20.0
Dialga,Kyogre,24.807,4.0,35.0
Abomasnow,Palkia,24.806,0.0,9.0
Scrafty,Zacian Crowned Sword,24.802,0.0,65.0
Krookodile,Xerneas,24.783,0.0,4.0
Toxtricity Low Key Form,Indeedee Male,24.782,,1.0
Hydreigon,White Kyurem,24.757,0.0,2.0
Arctozolt,Dracovish,24.744,,0.0
Landorus Therian Forme,Yveltal,24.719,20.0,11.0
Galarian Articuno,Regieleki,24.709,0.0,29.0
Alolan Ninetales,White Kyurem,24.664,0.0,2.0
White Kyurem,Grimmsnarl,24.652,2.0,30.0
Galvantula,Togekiss,24.617,,1.0
Braviary,Cinderace,24.611,,1.0
Solgaleo,Tornadus Incarnate Forme,24.607,4.0,8.0
Magnezone,Amoonguss,24.602,,18.0
Black Kyurem,Incineroar,24.601,0.0,59.0
Tentacruel,Dracovish,24.59,,0.0
Krookodile,Ho-oh,24.568,0.0,1.0
Krookodile,Ferrothorn,24.547,0.0,5.0
Sableye,Calyrex Ice Rider,24.547,2.0,11.0
Tentacruel,Primarina,24.54,,0.0
Poliwrath,Rillaboom,24.532,,27.0
Ferrothorn,Whimsicott,24.514,5.0,17.0
Abomasnow,Rillaboom,24.483,0.0,27.0
Braviary,Venusaur,24.481,,7.0
Arctozolt,Dusclops,24.467,,4.0
Abomasnow,Calyrex Ice Rider,24.465,0.0,11.0
Galvantula,Malamar,24.44,,
Lycanroc Midday Form,Excadrill,24.436,,0.0
Comfey,Zekrom,24.434,1.0,0.0
Tapu Bulu,Yveltal,24.426,0.0,11.0
Torkoal,Kyogre,24.417,3.0,35.0
Lunala,Grimmsnarl,24.415,2.0,30.0
Tsareena,Zacian Crowned Sword,24.386,0.0,65.0
Scrafty,Rillaboom,24.355,0.0,27.0
Zacian Crowned Sword,Gastrodon,24.347,65.0,20.0
Togedemaru,Rillaboom,24.344,0.0,27.0
Kyogre,Landorus Therian Forme,24.334,35.0,20.0
Rhyperior,Urshifu Single Strike Style,24.324,0.0,4.0
Alolan Marowak,Palkia,24.314,0.0,9.0
Lugia,Ferrothorn,24.289,0.0,5.0
Togedemaru,Yveltal,24.284,0.0,11.0
Dusknoir,Togekiss,24.284,,1.0
Shuckle,Zacian Crowned Sword,24.233,0.0,65.0
Golisopod,Dragapult,24.22,,1.0
Togedemaru,Eternatus,24.205,0.0,1.0
Mr. Mime,Togekiss,24.201,,1.0
Noctowl,Indeedee Female,24.176,,18.0
Mandibuzz,Cinderace,24.171,0.0,1.0
Indeedee Female,Landorus Therian Forme,24.166,18.0,20.0
Mandibuzz,Indeedee Female,24.165,0.0,18.0
Galarian Articuno,Calyrex Ice Rider,24.162,0.0,11.0
Mow Rotom,Calyrex Ice Rider,24.156,0.0,11.0
Comfey,Rillaboom,24.148,1.0,27.0
Dragonite,Cinderace,24.141,0.0,1.0
Lycanroc Midday Form,Indeedee Female,24.128,,18.0
Slurpuff,Indeedee Female,24.102,,18.0
Latias,Dialga,24.095,0.0,4.0
Flareon,Torkoal,24.082,,3.0
Raikou,Tornadus Incarnate Forme,24.081,0.0,8.0
Grimmsnarl,Kyogre,24.08,30.0,35.0
Starmie,Terrakion,24.059,,0.0
Darmanitan Standard Mode,Kyogre,24.048,0.0,35.0
Tsareena,Incineroar,24.038,0.0,59.0
Darmanitan Standard Mode,Zamazenta Crowned Shield,24.02,0.0,0.0
Mr. Mime,Whimsicott,24.019,,17.0
Incineroar,Gastrodon,24.016,59.0,20.0
Ribombee,Togekiss,24.005,,1.0
Reshiram,Groudon,23.991,1.0,23.0
Virizion,Dragapult,23.979,,1.0
Exploud,Togekiss,23.973,,1.0
Raikou,Hitmontop,23.971,0.0,0.0
Bisharp,Yveltal,23.955,0.0,11.0
Incineroar,Regieleki,23.941,59.0,29.0
Lycanroc Midday Form,Pikachu,23.917,,0.0
Moltres,Calyrex Ice Rider,23.915,0.0,11.0
Moltres,Hatterene,23.883,0.0,0.0
Moltres,Indeedee Male,23.883,0.0,1.0
Excadrill,Calyrex Ice Rider,23.882,0.0,11.0
Poliwrath,Raichu,23.88,,3.0
Talonflame,Indeedee Female,23.876,0.0,18.0
Yveltal,Grimmsnarl,23.82,11.0,30.0
Calyrex Ice Rider,Dusclops,23.808,11.0,4.0
Zoroark,Rillaboom,23.777,,27.0
Indeedee Female,Incineroar,23.759,18.0,59.0
Noctowl,Politoed,23.752,,0.0
Golduck,Talonflame,23.748,,0.0
Hippowdon,Urshifu Single Strike Style,23.745,,4.0
Cinderace,Calyrex Shadow Rider,23.732,1.0,22.0
Maractus,Conkeldurr,23.698,,0.0
Durant,Tsareena,23.695,0.0,0.0
Durant,Pikachu,23.695,0.0,0.0
Bisharp,Regieleki,23.685,0.0,29.0
Gastrodon,Calyrex Shadow Rider,23.682,20.0,22.0
Noctowl,Kingdra,23.667,,3.0
Metagross,Calyrex Shadow Rider,23.657,1.0,22.0
Comfey,Regieleki,23.603,1.0,29.0
Araquanid,Rillaboom,23.602,1.0,27.0
Tapu Lele,Calyrex Shadow Rider,23.599,2.0,22.0
Dusknoir,Hatterene,23.583,,0.0
Blacephalon,Groudon,23.555,0.0,23.0
Sylveon,Rillaboom,23.537,,27.0
Umbreon,Incineroar,23.53,1.0,59.0
Milotic,Grimmsnarl,23.495,0.0,30.0
Lugia,Ditto,23.476,0.0,5.0
Calyrex Ice Rider,Porygon2,23.465,11.0,9.0
Lunala,Zacian Crowned Sword,23.46,2.0,65.0
Porygon2,Indeedee Female,23.412,9.0,18.0
Salazzle,Whimsicott,23.402,,17.0
Riolu,Thundurus Incarnate Forme,23.372,0.0,21.0
Alolan Raichu,Urshifu Rapid Strike Style,23.368,,2.0
Tentacruel,Lapras,23.356,,1.0
Kyogre,Rillaboom,23.349,35.0,27.0
Jolteon,Dracovish,23.34,,0.0
Slurpuff,Urshifu Rapid Strike Style,23.322,,2.0
Regieleki,Landorus Therian Forme,23.315,29.0,20.0
Dusknoir,Cinderace,23.275,,1.0
Tangela,Indeedee Male,23.253,,1.0
Cresselia,Gastrodon,23.251,0.0,20.0
Gigalith,Dracozolt,23.245,0.0,0.0
Lopunny,Dracovish,23.226,,0.0
Cherrim,Shiftry,23.219,0.0,0.0
Rillaboom,Thundurus Incarnate Forme,23.208,27.0,21.0
Alolan Sandslash,Togekiss,23.205,,1.0
Araquanid,Porygon2,23.185,1.0,9.0
Perrserker,Politoed,23.181,,0.0
Articuno,Palkia,23.169,0.0,9.0
Golisopod,Arcanine,23.166,,0.0
Urshifu Rapid Strike Style,Whimsicott,23.148,2.0,17.0
Braviary,Amoonguss,23.146,,18.0
Klefki,Groudon,23.138,0.0,23.0
Zacian Crowned Sword,Thundurus Incarnate Forme,23.085,65.0,21.0
Grapploct,Arcanine,23.068,,0.0
Vileplume,Charizard,23.066,,19.0
Kyogre,Regieleki,23.057,35.0,29.0
Starmie,Ludicolo,23.044,,0.0
Lickilicky,Drapion,23.042,,
Lickilicky,Ditto,23.041,,5.0
Lugia,Landorus Therian Forme,23.019,0.0,20.0
Klinklang,Xerneas,23.016,0.0,4.0
Copperajah,Venusaur,22.996,,7.0
Lunala,Thundurus Incarnate Forme,22.984,2.0,21.0
Landorus Therian Forme,Grimmsnarl,22.976,20.0,30.0
Falinks,Rillaboom,22.965,,27.0
Dusknoir,Lapras,22.936,,1.0
Lugia,Whimsicott,22.919,0.0,17.0
Jolteon,Togekiss,22.9,,1.0
Corviknight,Solgaleo,22.89,0.0,4.0
Incineroar,Kyogre,22.887,59.0,35.0
Alolan Exeggutor,Dialga,22.887,0.0,4.0
Hippowdon,Dragapult,22.884,,1.0
Galarian Weezing,Blastoise,22.854,0.0,7.0
Dialga,Calyrex Ice Rider,22.841,4.0,11.0
Entei,Grimmsnarl,22.836,2.0,30.0
Goodra,Cherrim,22.833,0.0,0.0
Ho-oh,Thundurus Incarnate Forme,22.825,1.0,21.0
Eternatus,Blastoise,22.816,1.0,7.0
Eternatus,Thundurus Incarnate Forme,22.808,1.0,21.0
Tsareena,Whimsicott,22.792,0.0,17.0
Dragapult,Groudon,22.777,1.0,23.0
Ludicolo,Zygarde Complete Forme,22.776,0.0,1.0
Passimian,Rillaboom,22.774,,27.0
Arcanine,Kyogre,22.761,0.0,35.0
Ho-oh,Rillaboom,22.742,1.0,27.0
Braviary,Torkoal,22.724,,3.0
Kingler,Xerneas,22.703,0.0,4.0
Braviary,Rillaboom,22.691,,27.0
Incineroar,Charizard,22.683,59.0,19.0
Steelix,Incineroar,22.682,,59.0
Noivern,Lycanroc Dusk Form,22.681,,
Celesteela,Ho-oh,22.68,1.0,1.0
Alcremie,Calyrex Ice Rider,22.674,0.0,11.0
Klinklang,Calyrex Shadow Rider,22.659,0.0,22.0
Duraludon,Tapu Lele,22.659,0.0,2.0
Wash Rotom,Mewtwo,22.652,0.0,0.0
Mienshao,Whimsicott,22.627,0.0,17.0
Golurk,Lapras,22.601,,1.0
Ribombee,Alolan Marowak,22.576,,0.0
Celesteela,Yveltal,22.55,1.0,11.0
Toxtricity Low Key Form,Incineroar,22.547,,59.0
Sylveon,Arcanine,22.528,,0.0
Yveltal,Rillaboom,22.524,11.0,27.0
Sylveon,Lapras,22.519,,1.0
Virizion,Togekiss,22.501,,1.0
Riolu,Rillaboom,22.492,0.0,27.0
Lickilicky,Tangrowth,22.488,,
Calyrex Ice Rider,Indeedee Female,22.485,11.0,18.0
Crobat,Grimmsnarl,22.467,0.0,30.0
Dracozolt,Zacian Crowned Sword,22.451,0.0,65.0
Aegislash Shield Forme,Landorus Therian Forme,22.45,0.0,20.0
Hippowdon,Lycanroc Midday Form,22.446,,
Stoutland,Excadrill,22.432,,0.0
Giratina Altered Forme,Comfey,22.413,0.0,1.0
Zacian Crowned Sword,Landorus Therian Forme,22.407,65.0,20.0
Eternatus,Zacian Crowned Sword,22.388,1.0,65.0
Thievul,Rillaboom,22.363,,27.0
Urshifu Rapid Strike Style,Yveltal,22.355,2.0,11.0
Raikou,Dialga,22.349,0.0,4.0
Sirfetch'd,Mimikyu,22.332,,2.0
Togetic,Lapras,22.33,,1.0
Grapploct,Talonflame,22.328,,0.0
Whimsicott,Incineroar,22.296,17.0,59.0
Alolan Raichu,Dragapult,22.262,,1.0
Hydreigon,Ferrothorn,22.26,0.0,5.0
Grapploct,Indeedee Male,22.245,,1.0
Slurpuff,Porygon2,22.235,,9.0
Passimian,Clefairy,22.202,,0.0
Liepard,Ho-oh,22.162,0.0,1.0
Galarian Slowbro,Urshifu Single Strike Style,22.145,,4.0
Gigalith,Xerneas,22.084,0.0,4.0
Gigalith,Pheromosa,22.084,0.0,1.0
Aegislash Shield Forme,Whimsicott,22.077,0.0,17.0
Steelix,Gyarados,22.077,,0.0
Calyrex Shadow Rider,Indeedee Female,22.06,22.0,18.0
Regieleki,Whimsicott,22.053,29.0,17.0
Sylveon,Dragapult,22.018,,1.0
Hippowdon,Duraludon,21.998,,0.0
Venusaur,Porygon2,21.989,7.0,9.0
Hawlucha,Grimmsnarl,21.986,0.0,30.0
Heracross,Arcanine,21.986,,0.0
Gothitelle,Incineroar,21.986,2.0,59.0
Dhelmise,Togekiss,21.964,,1.0
Landorus Therian Forme,Indeedee Female,21.935,20.0,18.0
Gallade,Whimsicott,21.934,,17.0
Vileplume,Hatterene,21.934,,0.0
Porygon2,Groudon,21.925,9.0,23.0
Lapras,Landorus Therian Forme,21.919,1.0,20.0
Butterfree,Blastoise,21.916,0.0,7.0
Porygon2,Palkia,21.904,9.0,9.0
Gardevoir,Urshifu Rapid Strike Style,21.838,,2.0
Calyrex Shadow Rider,Blastoise,21.836,22.0,7.0
Gengar,Rayquaza,21.816,0.0,1.0
Liepard,Azumarill,21.811,0.0,0.0
Slurpuff,Hatterene,21.802,,0.0
Reuniclus,Primarina,21.795,,0.0
Zygarde Complete Forme,Comfey,21.794,1.0,1.0
Conkeldurr,Dusclops,21.777,0.0,4.0
Palossand,Calyrex Ice Rider,21.776,0.0,11.0
Dracovish,Calyrex Shadow Rider,21.76,0.0,22.0
Galarian Corsola,Amoonguss,21.741,,18.0
Magnezone,Talonflame,21.732,,0.0
Mewtwo,Landorus Therian Forme,21.731,0.0,20.0
Regieleki,Amoonguss,21.721,29.0,18.0
Copperajah,Togekiss,21.668,,1.0
Cursola,Incineroar,21.656,,59.0
Beartic,Rillaboom,21.625,,27.0
Salazzle,Rillaboom,21.625,,27.0
Vileplume,Indeedee Female,21.59,,18.0
Kartana,Indeedee Female,21.59,7.0,18.0
Dhelmise,Rillaboom,21.549,,27.0
Blissey,Regieleki,21.548,0.0,29.0
Arctozolt,Golisopod,21.494,,
Butterfree,Zygarde Complete Forme,21.484,0.0,1.0
Eternatus,Arcanine,21.447,1.0,0.0
Dusk Mane Necrozma,Zapdos,21.437,0.0,8.0
Dragapult,Indeedee Female,21.434,1.0,18.0
Blissey,Incineroar,21.429,0.0,59.0
Metagross,Thundurus Incarnate Forme,21.428,1.0,21.0
Frost Rotom,Bouffalant,21.417,,
Arctozolt,Goodra,21.415,,0.0
Arctozolt,Galarian Weezing,21.415,,0.0
Terrakion,Gastrodon,21.411,0.0,20.0
Noivern,Tsareena,21.409,,0.0
Sableye,Kyogre,21.408,2.0,35.0
Blissey,Calyrex Shadow Rider,21.392,0.0,22.0
Mewtwo,Whimsicott,21.385,0.0,17.0
Dialga,Whimsicott,21.383,4.0,17.0
Noivern,Arcanine,21.343,,0.0
Altaria,Landorus Therian Forme,21.34,0.0,20.0
Jolteon,Azumarill,21.334,,0.0
Palossand,Porygon2,21.324,0.0,9.0
Torkoal,Indeedee Female,21.32,3.0,18.0
Garchomp,Incineroar,21.317,0.0,59.0
Stakataka,Amoonguss,21.316,0.0,18.0
Wash Rotom,Dialga,21.303,0.0,4.0
Tyranitar,Kyogre,21.292,0.0,35.0
Lilligant,Bouffalant,21.28,,
Sylveon,Duraludon,21.274,,0.0
Cursola,Conkeldurr,21.267,,0.0
Arcanine,Whimsicott,21.234,0.0,17.0
Butterfree,Palkia,21.227,0.0,9.0
Dialga,Landorus Therian Forme,21.224,4.0,20.0
Passimian,Tyranitar,21.204,,0.0
Dusk Mane Necrozma,Amoonguss,21.201,0.0,18.0
Accelgor,Calyrex Ice Rider,21.2,0.0,11.0
Wash Rotom,Grimmsnarl,21.194,0.0,30.0
Togetic,Riolu,21.171,,0.0
Dragonite,Incineroar,21.171,0.0,59.0
Blacephalon,Rillaboom,21.155,0.0,27.0
Jolteon,Sylveon,21.149,,
Ribombee,Lapras,21.147,,1.0
Slowbro,Yveltal,21.136,0.0,11.0
Landorus Incarnate Forme,Zacian Crowned Sword,21.122,0.0,65.0
Crawdaunt,Indeedee Male,21.1,,1.0
Blacephalon,Zekrom,21.089,0.0,0.0
Copperajah,Hatterene,21.085,,0.0
Black Kyurem,Metagross,21.074,0.0,1.0
Lilligant,Indeedee Female,21.052,,18.0
Slowbro,Arcanine,21.039,0.0,0.0
Gengar,Sirfetch'd,21.027,0.0,
Dusk Mane Necrozma,Indeedee Female,21.02,0.0,18.0
Passimian,Indeedee Male,21.009,,1.0
Lapras,Calyrex Shadow Rider,20.988,1.0,22.0
Ditto,Incineroar,20.983,5.0,59.0
Steelix,Snorlax,20.961,,0.0
Celesteela,Lunala,20.943,1.0,2.0
Beartic,Politoed,20.942,,0.0
Crawdaunt,Rillaboom,20.941,,27.0
Slowbro,Eternatus,20.93,0.0,1.0
Riolu,Indeedee Female,20.929,0.0,18.0
Rhyperior,Tapu Fini,20.905,0.0,2.0
Zamazenta Crowned Shield,Grimmsnarl,20.889,0.0,30.0
Gothitelle,Regieleki,20.88,2.0,29.0
Tyranitar,Groudon,20.877,0.0,23.0
Slurpuff,Incineroar,20.866,,59.0
Salazzle,Dracozolt,20.864,,0.0
Zamazenta Crowned Shield,Tapu Fini,20.85,0.0,2.0
Flareon,Clefairy,20.844,,0.0
Palkia,Porygon2,20.836,9.0,9.0
Flareon,Mimikyu,20.822,,2.0
Hitmonlee,Milotic,20.809,,0.0
Falinks,Amoonguss,20.782,,18.0
Heracross,Rillaboom,20.781,,27.0
Heracross,Amoonguss,20.777,,18.0
Tangrowth,Torkoal,20.756,,3.0
Venusaur,Thundurus Incarnate Forme,20.741,7.0,21.0
Orbeetle,Primarina,20.725,,0.0
Sharpedo,Tyranitar,20.714,,0.0
Ferrothorn,Thundurus Incarnate Forme,20.708,5.0,21.0
Torkoal,Palkia,20.707,3.0,9.0
Kartana,Whimsicott,20.7,7.0,17.0
Sandaconda,Rillaboom,20.694,,27.0
Dusk Mane Necrozma,Rillaboom,20.685,0.0,27.0
Giratina Altered Forme,Regieleki,20.658,0.0,29.0
Zacian Crowned Sword,Regieleki,20.653,65.0,29.0
Mime Galarian Mr. Mime,Tornadus Incarnate Forme,20.649,0.0,8.0
Indeedee Male,Zacian Crowned Sword,20.648,1.0,65.0
Snorlax,Yveltal,20.646,0.0,11.0
Gyarados,Solgaleo,20.638,0.0,4.0
Kingler,Urshifu Single Strike Style,20.576,0.0,4.0
Ludicolo,Zamazenta Crowned Shield,20.575,0.0,0.0
Dialga,Regieleki,20.568,4.0,29.0
Lickilicky,Hatterene,20.557,,0.0
Jellicent,Pincurchin,20.537,0.0,0.0
Crawdaunt,Incineroar,20.535,,59.0
Scrafty,Ho-oh,20.531,0.0,1.0
Aromatisse,Tyranitar,20.512,,0.0
Dusknoir,Comfey,20.497,,1.0
Comfey,Grimmsnarl,20.482,1.0,30.0
Beartic,Lapras,20.465,,1.0
Passimian,Whimsicott,20.454,,17.0
Jellicent,Blastoise,20.438,0.0,7.0
Jellicent,Palkia,20.438,0.0,9.0
Jellicent,Ludicolo,20.438,0.0,0.0
Copperajah,Rillaboom,20.434,,27.0
Palkia,Dusclops,20.429,9.0,4.0
Gourgeist Super Size,Durant,20.423,,0.0
Regigigas,Blastoise,20.418,1.0,7.0
Ribombee,Weezing,20.379,,2.0
Tapu Fini,Amoonguss,20.371,2.0,18.0
Bisharp,Calyrex Shadow Rider,20.361,0.0,22.0
Kyogre,Grimmsnarl,20.356,35.0,30.0
Reshiram,Thundurus Incarnate Forme,20.355,1.0,21.0
White Kyurem,Ditto,20.352,2.0,5.0
Ferrothorn,Zapdos,20.347,5.0,8.0
Zygarde Complete Forme,Rillaboom,20.332,1.0,27.0
Celesteela,Sneasel,20.321,1.0,0.0
Giratina Altered Forme,Thundurus Incarnate Forme,20.288,0.0,21.0
Cursola,Amoonguss,20.279,,18.0
Accelgor,Zacian Crowned Sword,20.231,0.0,65.0
Galarian Moltres,Kyogre,20.153,0.0,35.0
Weezing,Regieleki,20.153,2.0,29.0
Perrserker,Durant,20.142,,0.0
Alolan Ninetales,Whimsicott,20.086,0.0,17.0
Alakazam,Hatterene,20.075,,0.0
Alolan Exeggutor,Landorus Therian Forme,20.071,0.0,20.0
Beartic,Froslass,20.066,,0.0
Shedinja,Thundurus Incarnate Forme,20.065,4.0,21.0
Primarina,Zacian Crowned Sword,20.033,0.0,65.0
Alolan Exeggutor,Regieleki,20.022,0.0,29.0
Urshifu Single Strike Style,Incineroar,20.02,4.0,59.0
Riolu,Whimsicott,20.009,0.0,17.0
Cursola,Torkoal,20.0,,3.0
Gourgeist Small Size,Incineroar,19.993,,59.0
Hawlucha,Kyogre,19.961,0.0,35.0
Thundurus Incarnate Forme,Groudon,19.951,21.0,23.0
Bisharp,Grimmsnarl,19.942,0.0,30.0
Indeedee Male,Cinderace,19.942,1.0,1.0
Palossand,Urshifu Single Strike Style,19.939,0.0,4.0
Beartic,Cinderace,19.934,,1.0
Kingler,Grimmsnarl,19.928,0.0,30.0
Gengar,Lucario,19.909,0.0,0.0
Marowak,Corviknight,19.907,,0.0
Meowstic Male,Yveltal,19.884,0.0,11.0
Exploud,Urshifu Rapid Strike Style,19.882,,2.0
Amoonguss,Landorus Therian Forme,19.878,18.0,20.0
Altaria,Thundurus Incarnate Forme,19.859,0.0,21.0
Golisopod,Magnezone,19.795,,
Lilligant,Venusaur,19.752,,7.0
Mime Galarian Mr. Mime,Kartana,19.736,0.0,7.0
Copperajah,Torkoal,19.727,,3.0
Hitmonlee,Tyranitar,19.7,,0.0
Dedenne,Gyarados,19.697,,0.0
Mimikyu,Solgaleo,19.693,2.0,4.0
Alcremie,Incineroar,19.691,0.0,59.0
Palkia,Indeedee Female,19.664,9.0,18.0
Talonflame,Comfey,19.654,0.0,1.0
Poliwrath,Togekiss,19.648,,1.0
Hitmonlee,Excadrill,19.643,,0.0
Hawlucha,Seismitoad,19.632,0.0,1.0
Passimian,Talonflame,19.626,,0.0
Marowak,Gyarados,19.601,,0.0
Bisharp,Charizard,19.598,0.0,19.0
Xerneas,Venusaur,19.592,4.0,7.0
Suicune,Venusaur,19.574,0.0,7.0
Hitmonlee,Politoed,19.564,,0.0
Jolteon,Ludicolo,19.535,,0.0
Hydreigon,Grimmsnarl,19.505,0.0,30.0
Unfezant,Indeedee Female,19.48,,18.0
Unfezant,Amoonguss,19.466,,18.0
Alolan Raichu,Cinderace,19.444,,1.0
Black Kyurem,Dusclops,19.433,0.0,4.0
Mienshao,Porygon2,19.423,0.0,9.0
Alakazam,Indeedee Male,19.391,,1.0
Yveltal,Amoonguss,19.386,11.0,18.0
Dedenne,Incineroar,19.382,,59.0
Tornadus Incarnate Forme,Regieleki,19.366,8.0,29.0
Decidueye,Toxapex,19.348,,0.0
Decidueye,Hydreigon,19.346,,0.0
Heracross,Magnezone,19.32,,
Solgaleo,Regieleki,19.283,4.0,29.0
Hatterene,Indeedee Female,19.27,0.0,18.0
Ribombee,Crustle,19.266,,
Whimsicott,Thundurus Incarnate Forme,19.241,17.0,21.0
Cofagrigus,Torkoal,19.23,,3.0
Metagross,Venusaur,19.213,1.0,7.0
Kingler,Mewtwo,19.184,0.0,0.0
Zygarde Complete Forme,Zacian Crowned Sword,19.164,1.0,65.0
Celesteela,Umbreon,19.157,1.0,1.0
Hitmonlee,Arcanine,19.139,,0.0
Reuniclus,Ferrothorn,19.135,,5.0
Dusk Mane Necrozma,Thundurus Incarnate Forme,19.106,0.0,21.0
Charizard,Regieleki,19.102,19.0,29.0
Claydol,Bisharp,19.093,,0.0
Togetic,Arcanine,19.088,,0.0
Claydol,Togekiss,19.078,,1.0
Rillaboom,Regieleki,19.062,27.0,29.0
Gengar,Hitmontop,19.06,0.0,0.0
Spectrier,Tornadus Incarnate Forme,19.043,1.0,8.0
Alakazam,Incineroar,19.043,,59.0
Dusclops,Kyogre,19.04,4.0,35.0
Dedenne,Dragapult,19.037,,1.0
Perrserker,Togekiss,19.018,,1.0
Rillaboom,Blastoise,18.947,27.0,7.0
Tangela,Gyarados,18.928,,0.0
Tyranitar,Excadrill,18.903,0.0,0.0
Groudon,Thundurus Incarnate Forme,18.902,23.0,21.0
Umbreon,Kyogre,18.886,1.0,35.0
Urshifu Single Strike Style,Dialga,18.879,4.0,4.0
Sharpedo,Excadrill,18.875,,0.0
Gourgeist Super Size,Dragapult,18.86,,1.0
Orbeetle,Indeedee Female,18.839,,18.0
Hydreigon,Groudon,18.833,0.0,23.0
Metagross,Kyogre,18.816,1.0,35.0
Regieleki,Yveltal,18.809,29.0,11.0
Accelgor,Urshifu Single Strike Style,18.8,0.0,4.0
Perrserker,Amoonguss,18.788,,18.0
Entei,Rillaboom,18.777,2.0,27.0
Terrakion,Incineroar,18.775,0.0,59.0
Meowstic Male,Regieleki,18.773,0.0,29.0
Gengar,Dragonite,18.759,0.0,0.0
Lilligant,Ninetales,18.744,,
Gengar,Dracovish,18.742,0.0,0.0
Kartana,Landorus Therian Forme,18.727,7.0,20.0
Talonflame,Dialga,18.724,0.0,4.0
Bisharp,Incineroar,18.721,0.0,59.0
Ninetales,Urshifu Single Strike Style,18.718,,4.0
Nihilego,Calyrex Ice Rider,18.714,0.0,11.0
Reuniclus,Terrakion,18.706,,0.0
Gyarados,Whimsicott,18.698,0.0,17.0
Dusk Mane Necrozma,Mimikyu,18.695,0.0,2.0
Lilligant,Comfey,18.685,,1.0
Togetic,Golurk,18.669,,
Dusclops,Indeedee Female,18.666,4.0,18.0
Gengar,Pikachu,18.657,0.0,0.0
Oranguru,Incineroar,18.648,0.0,59.0
Comfey,Zygarde Complete Forme,18.64,1.0,1.0
Nihilego,Thundurus Incarnate Forme,18.633,0.0,21.0
Terrakion,Indeedee Male,18.621,0.0,1.0
Heatran,Zapdos,18.606,0.0,8.0
Thundurus Incarnate Forme,Grimmsnarl,18.584,21.0,30.0
Talonflame,Regieleki,18.575,0.0,29.0
Hippowdon,Excadrill,18.568,,0.0
Golurk,Incineroar,18.55,,59.0
Togetic,Galarian Slowbro,18.53,,
Claydol,Lapras,18.502,,1.0
Ho-oh,Venusaur,18.476,1.0,7.0
Sceptile,Kyogre,18.445,0.0,35.0
Cradily,Palkia,18.415,0.0,9.0
Aegislash Shield Forme,Xerneas,18.389,0.0,4.0
Giratina Altered Forme,Zapdos,18.381,0.0,8.0
Xerneas,Indeedee Female,18.368,4.0,18.0
Alolan Ninetales,Suicune,18.365,0.0,0.0
Zekrom,Calyrex Ice Rider,18.329,0.0,11.0
Tapu Lele,Regieleki,18.316,2.0,29.0
Gyarados,Calyrex Shadow Rider,18.299,0.0,22.0
Blacephalon,Tornadus Incarnate Forme,18.262,0.0,8.0
Galarian Corsola,Talonflame,18.228,,0.0
Heracross,Slowbro,18.215,,0.0
Blaziken,Corviknight,18.204,0.0,0.0
Alolan Raichu,Togekiss,18.197,,1.0
Alolan Ninetales,Venusaur,18.185,0.0,7.0
Dragalge,Porygon2,18.138,,9.0
Dhelmise,Hatterene,18.134,,0.0
Morpeko Full Belly Mode,Tyranitar,18.125,,0.0
Cofagrigus,Amoonguss,18.081,,18.0
Groudon,Regieleki,18.069,23.0,29.0
Virizion,Blastoise,18.065,,7.0
Sirfetch'd,Turtonator,18.055,,
Alakazam,Cinderace,18.028,,1.0
Excadrill,Gastrodon,17.988,0.0,20.0
Alcremie,Palkia,17.975,0.0,9.0
Xurkitree,Rayquaza,17.95,0.0,1.0
Xurkitree,Blastoise,17.95,0.0,7.0
Virizion,Hatterene,17.936,,0.0
Blaziken,Zekrom,17.931,0.0,0.0
Metagross,Amoonguss,17.874,1.0,18.0
Runerigus,Dusclops,17.873,,4.0
Snorlax,Regieleki,17.863,0.0,29.0
Sirfetch'd,Excadrill,17.855,,0.0
Lopunny,Azumarill,17.841,,0.0
Stoutland,Primarina,17.822,,0.0
Kangaskhan,Zacian Crowned Sword,17.774,0.0,65.0
Flygon,Indeedee Female,17.766,,18.0
Cobalion,Rillaboom,17.762,0.0,27.0
Tapu Fini,Dawn Wings Necrozma,17.74,2.0,1.0
Lapras,Rillaboom,17.739,1.0,27.0
Pelipper,Whimsicott,17.728,0.0,17.0
Stoutland,Dusclops,17.712,,4.0
Heatran,Landorus Therian Forme,17.706,0.0,20.0
Wigglytuff,Torkoal,17.705,,3.0
Glastrier,Venusaur,17.703,0.0,7.0
Glastrier,Calyrex Shadow Rider,17.695,0.0,22.0
Lopunny,Diggersby,17.643,,0.0
Frost Rotom,Vanilluxe,17.643,,
Shiftry,Groudon,17.637,0.0,23.0
Mienshao,Regieleki,17.635,0.0,29.0
Cursola,Gothitelle,17.598,,2.0
Solgaleo,Thundurus Incarnate Forme,17.588,4.0,21.0
Oranguru,Palkia,17.587,0.0,9.0
Togetic,Togekiss,17.564,,1.0
Zamazenta Crowned Shield,Metagross,17.559,0.0,1.0
Galarian Corsola,Darmanitan Galarian Standard Mode,17.545,,0.0
Aromatisse,Whimsicott,17.538,,17.0
Calyrex Ice Rider,Kyogre,17.536,11.0,35.0
Shiftry,Regieleki,17.515,0.0,29.0
Bouffalant,Durant,17.475,,0.0
Shiftry,Calyrex Ice Rider,17.469,0.0,11.0
Cursola,Lapras,17.46,,1.0
Venusaur,Kyogre,17.458,7.0,35.0
Giratina Altered Forme,Mienshao,17.445,0.0,0.0
Gourgeist Super Size,Whimsicott,17.421,,17.0
Cofagrigus,Chansey,17.417,,0.0
Aromatisse,Snorlax,17.405,,0.0
Malamar,Cinderace,17.394,,1.0
Glastrier,Palkia,17.383,0.0,9.0
Cinderace,Rillaboom,17.365,1.0,27.0
Amoonguss,Tornadus Incarnate Forme,17.343,18.0,8.0
Nihilego,Gastrodon,17.332,0.0,20.0
Mimikyu,Palkia,17.314,2.0,9.0
Alolan Sandslash,Inteleon,17.281,,0.0
Toxtricity Low Key Form,Dragapult,17.269,,1.0
Giratina Altered Forme,Zacian Crowned Sword,17.204,0.0,65.0
Tyranitar,Xerneas,17.198,0.0,4.0
Golurk,Hatterene,17.196,,0.0
Gallade,Indeedee Female,17.175,,18.0
Inteleon,Tornadus Incarnate Forme,17.129,0.0,8.0
Tangela,Alolan Marowak,17.12,,0.0
Rayquaza,Regieleki,17.116,1.0,29.0
Dunsparce,Indeedee Male,17.11,,1.0
Ho-oh,Regieleki,17.11,1.0,29.0
Alolan Marowak,Landorus Therian Forme,17.109,0.0,20.0
Zamazenta Crowned Shield,Galarian Zapdos,17.103,0.0,0.0
Groudon,Venusaur,17.099,23.0,7.0
Grimmsnarl,Regieleki,17.088,30.0,29.0
Falinks,Dracovish,17.074,,0.0
Cresselia,Kyogre,17.06,0.0,35.0
Mewtwo,Wash Rotom,17.054,0.0,0.0
Tyranitar,Dracovish,17.046,0.0,0.0
Ribombee,Hitmontop,17.04,,0.0
Falinks,Lapras,17.018,,1.0
Alolan Sandslash,Indeedee Male,16.963,,1.0
Lopunny,Maractus,16.953,,
Crustle,Toxapex,16.949,,0.0
Crustle,Hydreigon,16.949,,0.0
Tapu Koko,Palkia,16.942,0.0,9.0
Tyranitar,Landorus Therian Forme,16.911,0.0,20.0
Crustle,Cinderace,16.909,,1.0
Clawitzer,Coalossal,16.881,,1.0
Noivern,Rillaboom,16.867,,27.0
Mewtwo,Groudon,16.854,0.0,23.0
Cofagrigus,Sirfetch'd,16.83,,
Lickilicky,Slowking,16.829,,0.0
Thundurus Incarnate Forme,Kyogre,16.827,21.0,35.0
Cobalion,Dragapult,16.82,0.0,1.0
Cofagrigus,Indeedee Female,16.801,,18.0
Virizion,Porygon-Z,16.794,,0.0
Rhyperior,Zapdos,16.764,0.0,8.0
Falinks,Gyarados,16.744,,0.0
Ho-oh,Landorus Therian Forme,16.728,1.0,20.0
Sharpedo,Venusaur,16.722,,7.0
Orbeetle,Amoonguss,16.716,,18.0
Chandelure,Regieleki,16.706,0.0,29.0
Gardevoir,Cinderace,16.675,,1.0
Roserade,Cinderace,16.672,,1.0
Reuniclus,Rillaboom,16.652,,27.0
Tsareena,Solgaleo,16.63,0.0,4.0
Bronzong,Landorus Therian Forme,16.623,1.0,20.0
Dracovish,Rillaboom,16.614,0.0,27.0
Ninetales,Togekiss,16.611,,1.0
Cradily,Goodra,16.605,0.0,0.0
Zekrom,Bronzong,16.604,0.0,1.0
Pelipper,Thundurus Incarnate Forme,16.588,0.0,21.0
Falinks,Alakazam,16.566,,
Rayquaza,Amoonguss,16.543,1.0,18.0
Sylveon,Indeedee Male,16.533,,1.0
Alakazam,Rillaboom,16.525,,27.0
Riolu,Solgaleo,16.521,0.0,4.0
Inteleon,Calyrex Shadow Rider,16.512,0.0,22.0
Corviknight,Zacian Crowned Sword,16.51,0.0,65.0
Dragalge,Cinderace,16.509,,1.0
Gastrodon,Landorus Therian Forme,16.505,20.0,20.0
Seismitoad,Rillaboom,16.504,1.0,27.0
Galarian Moltres,Calyrex Shadow Rider,16.494,0.0,22.0
Pelipper,Metagross,16.468,0.0,1.0
Blacephalon,Calyrex Ice Rider,16.45,0.0,11.0
Orbeetle,Kingdra,16.415,,3.0
Snorlax,Thundurus Incarnate Forme,16.412,0.0,21.0
Alolan Marowak,Snorlax,16.387,0.0,0.0
Suicune,Rillaboom,16.347,0.0,27.0
Suicune,Calyrex Shadow Rider,16.267,0.0,22.0
Whimsicott,Landorus Therian Forme,16.249,17.0,20.0
Alakazam,Torkoal,16.243,,3.0
White Kyurem,Thundurus Incarnate Forme,16.239,2.0,21.0
Cresselia,Yveltal,16.236,0.0,11.0
Virizion,Starmie,16.208,,
Conkeldurr,Incineroar,16.101,0.0,59.0
Weezing,Incineroar,16.087,2.0,59.0
Ninetales,Braviary,16.071,,
Tornadus Incarnate Forme,Rillaboom,16.066,8.0,27.0
Conkeldurr,Dragapult,16.057,0.0,1.0
Obstagoon,Lunala,16.046,0.0,2.0
Ninetales,Magnezone,16.025,,
Solgaleo,Zapdos,15.985,4.0,8.0
Ludicolo,Landorus Therian Forme,15.984,0.0,20.0
Xerneas,Regieleki,15.972,4.0,29.0
Runerigus,Torkoal,15.959,,3.0
Alolan Raichu,Incineroar,15.943,,59.0
Orbeetle,Scizor,15.814,,0.0
Zoroark,Porygon2,15.806,,9.0
Galarian Slowbro,Togekiss,15.755,,1.0
Perrserker,Rillaboom,15.722,,27.0
Dragapult,Gastrodon,15.713,1.0,20.0
Heat Rotom,Amoonguss,15.683,1.0,18.0
Alakazam,Porygon2,15.649,,9.0
Heatran,Lapras,15.648,0.0,1.0
Wigglytuff,Indeedee Male,15.634,,1.0
Raichu,Rillaboom,15.573,3.0,27.0
Corviknight,Incineroar,15.545,0.0,59.0
Cinderace,Calyrex Ice Rider,15.534,1.0,11.0
Galarian Moltres,Palkia,15.53,0.0,9.0
Heat Rotom,Kyogre,15.477,1.0,35.0
Stoutland,Gengar,15.468,,0.0
Charizard,Thundurus Incarnate Forme,15.43,19.0,21.0
Milotic,Landorus Therian Forme,15.422,0.0,20.0
Golisopod,Cinderace,15.403,,1.0
Clawitzer,Togekiss,15.403,,1.0
Manectric,Whimsicott,15.347,0.0,17.0
Rayquaza,Grimmsnarl,15.346,1.0,30.0
Dhelmise,Volcarona,15.343,,0.0
Noivern,Milotic,15.337,,0.0
Flapple,Rillaboom,15.322,,27.0
Zekrom,Torkoal,15.311,0.0,3.0
Lucario,Whimsicott,15.283,0.0,17.0
Wigglytuff,Togekiss,15.271,,1.0
Sceptile,Landorus Therian Forme,15.262,0.0,20.0
Dawn Wings Necrozma,Ferrothorn,15.219,1.0,5.0
Hatterene,Kyogre,15.218,0.0,35.0
Galarian Zapdos,Kyogre,15.205,0.0,35.0
Orbeetle,Cinderace,15.189,,1.0
Stonjourner,Regieleki,15.179,0.0,29.0
Dracovish,Landorus Therian Forme,15.176,0.0,20.0
Slowking,Moltres,15.1,0.0,0.0
Klefki,Kyogre,15.063,0.0,35.0
Golisopod,Goodra,15.051,,0.0
Galarian Zapdos,Regieleki,15.049,0.0,29.0
Zapdos,Whimsicott,15.045,8.0,17.0
Rhyperior,Rillaboom,14.984,0.0,27.0
Runerigus,Incineroar,14.974,,59.0
Golisopod,Rillaboom,14.935,,27.0
Galarian Moltres,Whimsicott,14.923,0.0,17.0
Cobalion,Indeedee Female,14.873,0.0,18.0
Stonjourner,Whimsicott,14.87,0.0,17.0
Alolan Sandslash,Cinderace,14.823,,1.0
Regidrago,Incineroar,14.823,0.0,59.0
Thievul,Togekiss,14.819,,1.0
Dracozolt,Gigalith,14.812,0.0,0.0
Morpeko Full Belly Mode,Duraludon,14.812,,0.0
Clawitzer,Urshifu Single Strike Style,14.794,,4.0
Scizor,Dragapult,14.744,0.0,1.0
Stakataka,Kyogre,14.742,0.0,35.0
Dunsparce,Porygon2,14.737,,9.0
Scolipede,Rillaboom,14.708,,27.0
Alolan Sandslash,Primarina,14.672,,0.0
Alolan Raichu,Volcarona,14.662,,0.0
Togetic,Conkeldurr,14.656,,0.0
Sandslash,Rillaboom,14.652,,27.0
Ninetales,Urshifu Rapid Strike Style,14.638,,2.0
Dragapult,Charizard,14.637,1.0,19.0
Tangrowth,Lickilicky,14.607,,
Chandelure,Xerneas,14.573,0.0,4.0
Chandelure,Dracozolt,14.519,0.0,0.0
Stakataka,Torkoal,14.514,0.0,3.0
Bouffalant,Magnezone,14.513,,
Regidrago,Weezing,14.483,0.0,2.0
Sandslash,Togekiss,14.466,,1.0
Dunsparce,Pikachu,14.46,,0.0
Duraludon,Grimmsnarl,14.428,0.0,30.0
Cinccino,Regieleki,14.414,0.0,29.0
Rhyperior,Lapras,14.374,0.0,1.0
Duraludon,Rillaboom,14.335,0.0,27.0
Vanilluxe,Clefairy,14.335,,0.0
Rhyperior,Heatran,14.31,0.0,0.0
Kingdra,Incineroar,14.269,3.0,59.0
Kingdra,Thundurus Incarnate Forme,14.258,3.0,21.0
Galarian Moltres,Yveltal,14.222,0.0,11.0
Tangrowth,Rhyperior,14.178,,0.0
Regidrago,Barraskewda,14.15,0.0,1.0
Hitmontop,Tapu Lele,14.137,0.0,2.0
Hitmontop,Zacian Crowned Sword,14.11,0.0,65.0
Dracozolt,Pheromosa,14.106,0.0,1.0
Togetic,Drapion,14.085,,
Malamar,Hatterene,14.082,,0.0
Eiscue Ice Face,Alolan Ninetales,14.046,,0.0
Klefki,Yveltal,13.998,0.0,11.0
Zamazenta Crowned Shield,Rillaboom,13.961,0.0,27.0
Klinklang,Dracozolt,13.898,0.0,0.0
Ninetales,Torkoal,13.894,,3.0
Cloyster,Incineroar,13.893,0.0,59.0
Mimikyu,Indeedee Female,13.866,2.0,18.0
Primarina,Regieleki,13.86,0.0,29.0
Zapdos,Ferrothorn,13.824,8.0,5.0
Scolipede,Urshifu Rapid Strike Style,13.795,,2.0
Scolipede,Milotic,13.778,,0.0
Hatterene,Calyrex Shadow Rider,13.759,0.0,22.0
Barraskewda,Amoonguss,13.756,1.0,18.0
Scyther,Togekiss,13.75,,1.0
Sceptile,Zacian Crowned Sword,13.692,0.0,65.0
Shedinja,Incineroar,13.633,4.0,59.0
Obstagoon,Calyrex Shadow Rider,13.608,0.0,22.0
Vaporeon,Weavile,13.536,,0.0
Wash Rotom,Rillaboom,13.529,0.0,27.0
Indeedee Female,Calyrex Ice Rider,13.515,18.0,11.0
Corviknight,Kyogre,13.503,0.0,35.0
Galvantula,Cinderace,13.472,,1.0
Bronzong,Yveltal,13.438,1.0,11.0
Lycanroc Midnight Form,Talonflame,13.384,,0.0
Blastoise,Yveltal,13.186,7.0,11.0
Turtonator,Indeedee Female,13.133,,18.0
Vaporeon,Dragapult,13.098,,1.0
Salamence,Solgaleo,13.056,0.0,4.0
Obstagoon,Landorus Therian Forme,12.969,0.0,20.0
Heliolisk,Groudon,12.958,0.0,23.0
Lycanroc Midnight Form,Amoonguss,12.947,,18.0
Rhyperior,Kyogre,12.887,0.0,35.0
Lucario,Dracovish,12.78,0.0,0.0
Seismitoad,Calyrex Ice Rider,12.778,1.0,11.0
Manectric,Galarian Zapdos,12.706,0.0,0.0
Thievul,Cobalion,12.679,,0.0
Giratina Origin Forme,Incineroar,12.595,0.0,59.0
Coalossal,Calyrex Shadow Rider,12.458,1.0,22.0
Landorus Incarnate Forme,Kyogre,12.448,0.0,35.0
Sneasel,Incineroar,12.412,0.0,59.0
Seismitoad,Mimikyu,12.383,1.0,2.0
Sandslash,Indeedee Female,12.345,,18.0
Flygon,Sylveon,12.258,,
Garchomp,Calyrex Shadow Rider,12.205,0.0,22.0
Dragonite,Rillaboom,12.2,0.0,27.0
Gallade,Hatterene,12.126,,0.0
Cloyster,Grimmsnarl,12.116,0.0,30.0
Heliolisk,Gastrodon,12.102,0.0,20.0
Landorus Incarnate Forme,Amoonguss,12.048,0.0,18.0
Thundurus Therian Forme,Grimmsnarl,12.046,0.0,30.0
Galarian Slowbro,Rillaboom,12.019,,27.0
Bronzong,Regieleki,12.016,1.0,29.0
Scyther,Indeedee Female,11.978,,18.0
Coalossal,Thundurus Incarnate Forme,11.86,1.0,21.0
Toxapex,Incineroar,11.843,0.0,59.0
Tapu Bulu,Tornadus Incarnate Forme,11.811,0.0,8.0
Scyther,Amoonguss,11.81,,18.0
Tyrantrum,Zacian Crowned Sword,11.656,0.0,65.0
Registeel,Seismitoad,11.642,0.0,1.0
Scizor,Kyogre,11.578,0.0,35.0
Weavile,Regieleki,11.545,0.0,29.0
Thundurus Therian Forme,Tornadus Incarnate Forme,11.514,0.0,8.0
Toxapex,Yveltal,11.438,0.0,11.0
Toxapex,Lapras,11.387,0.0,1.0
Zapdos,Amoonguss,11.35,8.0,18.0
Lurantis,Indeedee Female,11.337,0.0,18.0
Tyrantrum,Ferrothorn,11.327,0.0,5.0
Cloyster,Whimsicott,11.297,0.0,17.0
Tyrantrum,Ditto,11.294,0.0,5.0
Flygon,Torkoal,11.26,,3.0
Greedent,Dusclops,11.23,0.0,4.0
Greedent,Calyrex Ice Rider,11.187,0.0,11.0
Greedent,Regieleki,11.096,0.0,29.0
Registeel,Regieleki,11.063,0.0,29.0
Weavile,Reshiram,11.024,0.0,1.0
Dusclops,Yveltal,10.944,4.0,11.0
Hitmontop,Zamazenta Crowned Shield,10.893,0.0,0.0
Primarina,Kyogre,10.77,0.0,35.0
Regigigas,Kyogre,10.733,1.0,35.0
Lycanroc Midnight Form,Meowstic Male,10.645,,0.0
Charizard,Rillaboom,10.515,19.0,27.0
Barraskewda,Rillaboom,10.406,1.0,27.0
Kabutops,Regieleki,10.368,0.0,29.0
Turtonator,Indeedee Male,10.34,,1.0
Kangaskhan,Dusclops,10.264,0.0,4.0
Mantine,Landorus Therian Forme,10.186,0.0,20.0
Flapple,Pelipper,10.082,,0.0
